[
{
    "model": "contenttypes.contenttype",
    "fields": {
        "app_label": "cms",
        "model": "placeholder"
    }
},
{
    "model": "contenttypes.contenttype",
    "fields": {
        "app_label": "cms",
        "model": "page"
    }
},
{
    "model": "contenttypes.contenttype",
    "fields": {
        "app_label": "auth",
        "model": "permission"
    }
},
{
    "model": "contenttypes.contenttype",
    "fields": {
        "app_label": "auth",
        "model": "group"
    }
},
{
    "model": "contenttypes.contenttype",
    "fields": {
        "app_label": "auth",
        "model": "user"
    }
},
{
    "model": "contenttypes.contenttype",
    "fields": {
        "app_label": "contenttypes",
        "model": "contenttype"
    }
},
{
    "model": "contenttypes.contenttype",
    "fields": {
        "app_label": "sessions",
        "model": "session"
    }
},
{
    "model": "contenttypes.contenttype",
    "fields": {
        "app_label": "admin",
        "model": "logentry"
    }
},
{
    "model": "contenttypes.contenttype",
    "fields": {
        "app_label": "sites",
        "model": "site"
    }
},
{
    "model": "contenttypes.contenttype",
    "fields": {
        "app_label": "cms",
        "model": "cmsplugin"
    }
},
{
    "model": "contenttypes.contenttype",
    "fields": {
        "app_label": "cms",
        "model": "aliaspluginmodel"
    }
},
{
    "model": "contenttypes.contenttype",
    "fields": {
        "app_label": "cms",
        "model": "globalpagepermission"
    }
},
{
    "model": "contenttypes.contenttype",
    "fields": {
        "app_label": "cms",
        "model": "pagepermission"
    }
},
{
    "model": "contenttypes.contenttype",
    "fields": {
        "app_label": "cms",
        "model": "pageuser"
    }
},
{
    "model": "contenttypes.contenttype",
    "fields": {
        "app_label": "cms",
        "model": "pageusergroup"
    }
},
{
    "model": "contenttypes.contenttype",
    "fields": {
        "app_label": "cms",
        "model": "placeholderreference"
    }
},
{
    "model": "contenttypes.contenttype",
    "fields": {
        "app_label": "cms",
        "model": "staticplaceholder"
    }
},
{
    "model": "contenttypes.contenttype",
    "fields": {
        "app_label": "cms",
        "model": "title"
    }
},
{
    "model": "contenttypes.contenttype",
    "fields": {
        "app_label": "cms",
        "model": "usersettings"
    }
},
{
    "model": "contenttypes.contenttype",
    "fields": {
        "app_label": "cms",
        "model": "urlconfrevision"
    }
},
{
    "model": "contenttypes.contenttype",
    "fields": {
        "app_label": "cms",
        "model": "treenode"
    }
},
{
    "model": "contenttypes.contenttype",
    "fields": {
        "app_label": "cms",
        "model": "pagetype"
    }
},
{
    "model": "contenttypes.contenttype",
    "fields": {
        "app_label": "menus",
        "model": "cachekey"
    }
},
{
    "model": "contenttypes.contenttype",
    "fields": {
        "app_label": "djangocms_text_ckeditor",
        "model": "text"
    }
},
{
    "model": "contenttypes.contenttype",
    "fields": {
        "app_label": "filer",
        "model": "clipboard"
    }
},
{
    "model": "contenttypes.contenttype",
    "fields": {
        "app_label": "filer",
        "model": "clipboarditem"
    }
},
{
    "model": "contenttypes.contenttype",
    "fields": {
        "app_label": "filer",
        "model": "file"
    }
},
{
    "model": "contenttypes.contenttype",
    "fields": {
        "app_label": "filer",
        "model": "folder"
    }
},
{
    "model": "contenttypes.contenttype",
    "fields": {
        "app_label": "filer",
        "model": "folderpermission"
    }
},
{
    "model": "contenttypes.contenttype",
    "fields": {
        "app_label": "filer",
        "model": "image"
    }
},
{
    "model": "contenttypes.contenttype",
    "fields": {
        "app_label": "filer",
        "model": "thumbnailoption"
    }
},
{
    "model": "contenttypes.contenttype",
    "fields": {
        "app_label": "easy_thumbnails",
        "model": "source"
    }
},
{
    "model": "contenttypes.contenttype",
    "fields": {
        "app_label": "easy_thumbnails",
        "model": "thumbnail"
    }
},
{
    "model": "contenttypes.contenttype",
    "fields": {
        "app_label": "easy_thumbnails",
        "model": "thumbnaildimensions"
    }
},
{
    "model": "contenttypes.contenttype",
    "fields": {
        "app_label": "djangocms_file",
        "model": "file"
    }
},
{
    "model": "contenttypes.contenttype",
    "fields": {
        "app_label": "djangocms_file",
        "model": "folder"
    }
},
{
    "model": "contenttypes.contenttype",
    "fields": {
        "app_label": "djangocms_link",
        "model": "link"
    }
},
{
    "model": "contenttypes.contenttype",
    "fields": {
        "app_label": "djangocms_picture",
        "model": "picture"
    }
},
{
    "model": "contenttypes.contenttype",
    "fields": {
        "app_label": "djangocms_style",
        "model": "style"
    }
},
{
    "model": "contenttypes.contenttype",
    "fields": {
        "app_label": "djangocms_snippet",
        "model": "snippet"
    }
},
{
    "model": "contenttypes.contenttype",
    "fields": {
        "app_label": "djangocms_snippet",
        "model": "snippetptr"
    }
},
{
    "model": "contenttypes.contenttype",
    "fields": {
        "app_label": "djangocms_googlemap",
        "model": "googlemap"
    }
},
{
    "model": "contenttypes.contenttype",
    "fields": {
        "app_label": "djangocms_googlemap",
        "model": "googlemapmarker"
    }
},
{
    "model": "contenttypes.contenttype",
    "fields": {
        "app_label": "djangocms_googlemap",
        "model": "googlemaproute"
    }
},
{
    "model": "contenttypes.contenttype",
    "fields": {
        "app_label": "djangocms_video",
        "model": "videoplayer"
    }
},
{
    "model": "contenttypes.contenttype",
    "fields": {
        "app_label": "djangocms_video",
        "model": "videosource"
    }
},
{
    "model": "contenttypes.contenttype",
    "fields": {
        "app_label": "djangocms_video",
        "model": "videotrack"
    }
},
{
    "model": "contenttypes.contenttype",
    "fields": {
        "app_label": "djangocms_icon",
        "model": "icon"
    }
},
{
    "model": "contenttypes.contenttype",
    "fields": {
        "app_label": "bootstrap4_alerts",
        "model": "bootstrap4alerts"
    }
},
{
    "model": "contenttypes.contenttype",
    "fields": {
        "app_label": "bootstrap4_badge",
        "model": "bootstrap4badge"
    }
},
{
    "model": "contenttypes.contenttype",
    "fields": {
        "app_label": "bootstrap4_card",
        "model": "bootstrap4card"
    }
},
{
    "model": "contenttypes.contenttype",
    "fields": {
        "app_label": "bootstrap4_card",
        "model": "bootstrap4cardinner"
    }
},
{
    "model": "contenttypes.contenttype",
    "fields": {
        "app_label": "bootstrap4_carousel",
        "model": "bootstrap4carousel"
    }
},
{
    "model": "contenttypes.contenttype",
    "fields": {
        "app_label": "bootstrap4_carousel",
        "model": "bootstrap4carouselslide"
    }
},
{
    "model": "contenttypes.contenttype",
    "fields": {
        "app_label": "bootstrap4_collapse",
        "model": "bootstrap4collapse"
    }
},
{
    "model": "contenttypes.contenttype",
    "fields": {
        "app_label": "bootstrap4_collapse",
        "model": "bootstrap4collapsecontainer"
    }
},
{
    "model": "contenttypes.contenttype",
    "fields": {
        "app_label": "bootstrap4_collapse",
        "model": "bootstrap4collapsetrigger"
    }
},
{
    "model": "contenttypes.contenttype",
    "fields": {
        "app_label": "bootstrap4_content",
        "model": "bootstrap4blockquote"
    }
},
{
    "model": "contenttypes.contenttype",
    "fields": {
        "app_label": "bootstrap4_content",
        "model": "bootstrap4code"
    }
},
{
    "model": "contenttypes.contenttype",
    "fields": {
        "app_label": "bootstrap4_content",
        "model": "bootstrap4figure"
    }
},
{
    "model": "contenttypes.contenttype",
    "fields": {
        "app_label": "bootstrap4_grid",
        "model": "bootstrap4gridcolumn"
    }
},
{
    "model": "contenttypes.contenttype",
    "fields": {
        "app_label": "bootstrap4_grid",
        "model": "bootstrap4gridcontainer"
    }
},
{
    "model": "contenttypes.contenttype",
    "fields": {
        "app_label": "bootstrap4_grid",
        "model": "bootstrap4gridrow"
    }
},
{
    "model": "contenttypes.contenttype",
    "fields": {
        "app_label": "bootstrap4_jumbotron",
        "model": "bootstrap4jumbotron"
    }
},
{
    "model": "contenttypes.contenttype",
    "fields": {
        "app_label": "bootstrap4_link",
        "model": "bootstrap4link"
    }
},
{
    "model": "contenttypes.contenttype",
    "fields": {
        "app_label": "bootstrap4_listgroup",
        "model": "bootstrap4listgroup"
    }
},
{
    "model": "contenttypes.contenttype",
    "fields": {
        "app_label": "bootstrap4_listgroup",
        "model": "bootstrap4listgroupitem"
    }
},
{
    "model": "contenttypes.contenttype",
    "fields": {
        "app_label": "bootstrap4_media",
        "model": "bootstrap4media"
    }
},
{
    "model": "contenttypes.contenttype",
    "fields": {
        "app_label": "bootstrap4_media",
        "model": "bootstrap4mediabody"
    }
},
{
    "model": "contenttypes.contenttype",
    "fields": {
        "app_label": "bootstrap4_picture",
        "model": "bootstrap4picture"
    }
},
{
    "model": "contenttypes.contenttype",
    "fields": {
        "app_label": "bootstrap4_tabs",
        "model": "bootstrap4tab"
    }
},
{
    "model": "contenttypes.contenttype",
    "fields": {
        "app_label": "bootstrap4_tabs",
        "model": "bootstrap4tabitem"
    }
},
{
    "model": "contenttypes.contenttype",
    "fields": {
        "app_label": "bootstrap4_utilities",
        "model": "bootstrap4spacing"
    }
},
{
    "model": "contenttypes.contenttype",
    "fields": {
        "app_label": "polls_cms_integration",
        "model": "pollpluginmodel"
    }
},
{
    "model": "contenttypes.contenttype",
    "fields": {
        "app_label": "polls",
        "model": "choice"
    }
},
{
    "model": "contenttypes.contenttype",
    "fields": {
        "app_label": "polls",
        "model": "poll"
    }
},
{
    "model": "sessions.session",
    "pk": "6w97njvboegcy2cgyeg5rlbq4uf59mmq",
    "fields": {
        "session_data": "OWMxYWM1MDk3NTJjYzVjYmRlYjg5OTg4YjZhOGM0NWIyMDI5Zjg0OTp7ImNtc190b29sYmFyX2Rpc2FibGVkIjpmYWxzZSwiY21zX2VkaXQiOnRydWUsImNtc19wcmV2aWV3IjpmYWxzZSwiX2F1dGhfdXNlcl9pZCI6IjEiLCJfYXV0aF91c2VyX2JhY2tlbmQiOiJkamFuZ28uY29udHJpYi5hdXRoLmJhY2tlbmRzLk1vZGVsQmFja2VuZCIsIl9hdXRoX3VzZXJfaGFzaCI6IjM1OTRhYTE5OTA5YTM1YWY5Y2YxMjg2NWJiMDJmZmQ0YzFjMDM5OWIifQ==",
        "expire_date": "2018-07-18T13:57:15.179Z"
    }
},
{
    "model": "sessions.session",
    "pk": "db5iyixoxcn1nkkr4hkkxxk4o85b8hof",
    "fields": {
        "session_data": "OWMxYWM1MDk3NTJjYzVjYmRlYjg5OTg4YjZhOGM0NWIyMDI5Zjg0OTp7ImNtc190b29sYmFyX2Rpc2FibGVkIjpmYWxzZSwiY21zX2VkaXQiOnRydWUsImNtc19wcmV2aWV3IjpmYWxzZSwiX2F1dGhfdXNlcl9pZCI6IjEiLCJfYXV0aF91c2VyX2JhY2tlbmQiOiJkamFuZ28uY29udHJpYi5hdXRoLmJhY2tlbmRzLk1vZGVsQmFja2VuZCIsIl9hdXRoX3VzZXJfaGFzaCI6IjM1OTRhYTE5OTA5YTM1YWY5Y2YxMjg2NWJiMDJmZmQ0YzFjMDM5OWIifQ==",
        "expire_date": "2018-09-21T13:06:08.350Z"
    }
},
{
    "model": "sessions.session",
    "pk": "iw4703uyqzgzjqcwiysmn20jwmi41wc0",
    "fields": {
        "session_data": "Njc0YzM5ZDUyOWI3MTk4Nzc3ZTA4OGZiMGJhMTJkYWNjNTU5MTliZjp7Il9hdXRoX3VzZXJfaWQiOiIxIiwiX2F1dGhfdXNlcl9iYWNrZW5kIjoiZGphbmdvLmNvbnRyaWIuYXV0aC5iYWNrZW5kcy5Nb2RlbEJhY2tlbmQiLCJfYXV0aF91c2VyX2hhc2giOiIzNTk0YWExOTkwOWEzNWFmOWNmMTI4NjViYjAyZmZkNGMxYzAzOTliIiwiY21zX3Rvb2xiYXJfZGlzYWJsZWQiOmZhbHNlLCJjbXNfZWRpdCI6ZmFsc2UsImNtc19wcmV2aWV3Ijp0cnVlfQ==",
        "expire_date": "2018-07-19T08:35:34.788Z"
    }
},
{
    "model": "sites.site",
    "fields": {
        "domain": "example.com",
        "name": "The Opinions Company"
    }
},
{
    "model": "cms.page",
    "pk": 1,
    "fields": {
        "created_by": "admin",
        "changed_by": "admin",
        "creation_date": "2018-07-03T11:07:12.037Z",
        "changed_date": "2018-07-03T11:07:12.062Z",
        "publication_date": "2018-07-03T11:07:12.046Z",
        "publication_end_date": null,
        "in_navigation": true,
        "soft_root": false,
        "reverse_id": null,
        "navigation_extenders": null,
        "template": "INHERIT",
        "login_required": false,
        "limit_visibility_in_menu": null,
        "is_home": true,
        "application_urls": null,
        "application_namespace": null,
        "publisher_is_draft": true,
        "publisher_public": 2,
        "languages": "en",
        "xframe_options": 0,
        "is_page_type": false,
        "node": 1,
        "placeholders": [
            2,
            15,
            18
        ]
    }
},
{
    "model": "cms.page",
    "pk": 2,
    "fields": {
        "created_by": "admin",
        "changed_by": "admin",
        "creation_date": "2018-07-03T11:07:12.046Z",
        "changed_date": "2018-07-05T08:35:33.837Z",
        "publication_date": "2018-07-03T11:07:12.046Z",
        "publication_end_date": null,
        "in_navigation": true,
        "soft_root": false,
        "reverse_id": null,
        "navigation_extenders": null,
        "template": "INHERIT",
        "login_required": false,
        "limit_visibility_in_menu": null,
        "is_home": true,
        "application_urls": null,
        "application_namespace": null,
        "publisher_is_draft": false,
        "publisher_public": 1,
        "languages": "en",
        "xframe_options": 0,
        "is_page_type": false,
        "node": 1,
        "placeholders": [
            3,
            19,
            20
        ]
    }
},
{
    "model": "cms.page",
    "pk": 3,
    "fields": {
        "created_by": "admin",
        "changed_by": "admin",
        "creation_date": "2018-07-03T11:07:36.939Z",
        "changed_date": "2018-07-03T11:07:36.950Z",
        "publication_date": "2018-07-03T12:40:35.290Z",
        "publication_end_date": null,
        "in_navigation": true,
        "soft_root": false,
        "reverse_id": null,
        "navigation_extenders": null,
        "template": "INHERIT",
        "login_required": false,
        "limit_visibility_in_menu": null,
        "is_home": false,
        "application_urls": null,
        "application_namespace": null,
        "publisher_is_draft": true,
        "publisher_public": 6,
        "languages": "en",
        "xframe_options": 0,
        "is_page_type": false,
        "node": 2,
        "placeholders": [
            4,
            16,
            23
        ]
    }
},
{
    "model": "cms.page",
    "pk": 4,
    "fields": {
        "created_by": "admin",
        "changed_by": "admin",
        "creation_date": "2018-07-03T11:07:52.963Z",
        "changed_date": "2018-07-03T11:28:16.063Z",
        "publication_date": "2018-07-03T11:28:22.783Z",
        "publication_end_date": null,
        "in_navigation": true,
        "soft_root": false,
        "reverse_id": null,
        "navigation_extenders": null,
        "template": "INHERIT",
        "login_required": false,
        "limit_visibility_in_menu": null,
        "is_home": false,
        "application_urls": "PollsApphook",
        "application_namespace": "polls",
        "publisher_is_draft": true,
        "publisher_public": 5,
        "languages": "en",
        "xframe_options": 0,
        "is_page_type": false,
        "node": 3,
        "placeholders": [
            5,
            17,
            26
        ]
    }
},
{
    "model": "cms.page",
    "pk": 5,
    "fields": {
        "created_by": "admin",
        "changed_by": "admin",
        "creation_date": "2018-07-03T11:28:22.783Z",
        "changed_date": "2018-07-03T11:28:22.783Z",
        "publication_date": "2018-07-03T11:28:22.783Z",
        "publication_end_date": null,
        "in_navigation": true,
        "soft_root": false,
        "reverse_id": null,
        "navigation_extenders": null,
        "template": "INHERIT",
        "login_required": false,
        "limit_visibility_in_menu": null,
        "is_home": false,
        "application_urls": "PollsApphook",
        "application_namespace": "polls",
        "publisher_is_draft": false,
        "publisher_public": 4,
        "languages": "en",
        "xframe_options": 0,
        "is_page_type": false,
        "node": 3,
        "placeholders": [
            6,
            24,
            25
        ]
    }
},
{
    "model": "cms.page",
    "pk": 6,
    "fields": {
        "created_by": "admin",
        "changed_by": "admin",
        "creation_date": "2018-07-03T12:40:35.291Z",
        "changed_date": "2018-07-05T08:20:32.819Z",
        "publication_date": "2018-07-03T12:40:35.290Z",
        "publication_end_date": null,
        "in_navigation": true,
        "soft_root": false,
        "reverse_id": null,
        "navigation_extenders": null,
        "template": "INHERIT",
        "login_required": false,
        "limit_visibility_in_menu": null,
        "is_home": false,
        "application_urls": null,
        "application_namespace": null,
        "publisher_is_draft": false,
        "publisher_public": 3,
        "languages": "en",
        "xframe_options": 0,
        "is_page_type": false,
        "node": 2,
        "placeholders": [
            7,
            21,
            22
        ]
    }
},
{
    "model": "cms.page",
    "pk": 7,
    "fields": {
        "created_by": "admin",
        "changed_by": "admin",
        "creation_date": "2018-07-05T06:19:20.320Z",
        "changed_date": "2018-07-05T06:19:58.386Z",
        "publication_date": "2018-07-05T06:19:52.751Z",
        "publication_end_date": null,
        "in_navigation": false,
        "soft_root": false,
        "reverse_id": "footer",
        "navigation_extenders": null,
        "template": "INHERIT",
        "login_required": false,
        "limit_visibility_in_menu": null,
        "is_home": false,
        "application_urls": "",
        "application_namespace": null,
        "publisher_is_draft": true,
        "publisher_public": 10,
        "languages": "en",
        "xframe_options": 0,
        "is_page_type": false,
        "node": 4,
        "placeholders": [
            8,
            14
        ]
    }
},
{
    "model": "cms.page",
    "pk": 8,
    "fields": {
        "created_by": "admin",
        "changed_by": "admin",
        "creation_date": "2018-07-05T06:19:37.823Z",
        "changed_date": "2018-07-05T06:19:37.838Z",
        "publication_date": "2018-07-05T06:19:56.630Z",
        "publication_end_date": null,
        "in_navigation": true,
        "soft_root": false,
        "reverse_id": null,
        "navigation_extenders": null,
        "template": "INHERIT",
        "login_required": false,
        "limit_visibility_in_menu": null,
        "is_home": false,
        "application_urls": null,
        "application_namespace": null,
        "publisher_is_draft": true,
        "publisher_public": 12,
        "languages": "en",
        "xframe_options": 0,
        "is_page_type": false,
        "node": 5,
        "placeholders": [
            9,
            31,
            32
        ]
    }
},
{
    "model": "cms.page",
    "pk": 9,
    "fields": {
        "created_by": "admin",
        "changed_by": "admin",
        "creation_date": "2018-07-05T06:19:43.693Z",
        "changed_date": "2018-07-05T06:19:43.708Z",
        "publication_date": "2018-07-05T06:19:54.864Z",
        "publication_end_date": null,
        "in_navigation": true,
        "soft_root": false,
        "reverse_id": null,
        "navigation_extenders": null,
        "template": "content.html",
        "login_required": false,
        "limit_visibility_in_menu": null,
        "is_home": false,
        "application_urls": null,
        "application_namespace": null,
        "publisher_is_draft": true,
        "publisher_public": 11,
        "languages": "en",
        "xframe_options": 0,
        "is_page_type": false,
        "node": 6,
        "placeholders": [
            10,
            27,
            28
        ]
    }
},
{
    "model": "cms.page",
    "pk": 10,
    "fields": {
        "created_by": "admin",
        "changed_by": "admin",
        "creation_date": "2018-07-05T06:19:52.751Z",
        "changed_date": "2018-07-05T06:20:01.623Z",
        "publication_date": "2018-07-05T06:19:52.751Z",
        "publication_end_date": null,
        "in_navigation": false,
        "soft_root": false,
        "reverse_id": "footer",
        "navigation_extenders": null,
        "template": "INHERIT",
        "login_required": false,
        "limit_visibility_in_menu": null,
        "is_home": false,
        "application_urls": "",
        "application_namespace": null,
        "publisher_is_draft": false,
        "publisher_public": 7,
        "languages": "en",
        "xframe_options": 0,
        "is_page_type": false,
        "node": 4,
        "placeholders": [
            11
        ]
    }
},
{
    "model": "cms.page",
    "pk": 11,
    "fields": {
        "created_by": "admin",
        "changed_by": "admin",
        "creation_date": "2018-07-05T06:19:54.864Z",
        "changed_date": "2018-07-05T08:27:32.102Z",
        "publication_date": "2018-07-05T06:19:54.864Z",
        "publication_end_date": null,
        "in_navigation": true,
        "soft_root": false,
        "reverse_id": null,
        "navigation_extenders": null,
        "template": "content.html",
        "login_required": false,
        "limit_visibility_in_menu": null,
        "is_home": false,
        "application_urls": null,
        "application_namespace": null,
        "publisher_is_draft": false,
        "publisher_public": 9,
        "languages": "en",
        "xframe_options": 0,
        "is_page_type": false,
        "node": 6,
        "placeholders": [
            12,
            29,
            30
        ]
    }
},
{
    "model": "cms.page",
    "pk": 12,
    "fields": {
        "created_by": "admin",
        "changed_by": "admin",
        "creation_date": "2018-07-05T06:19:56.630Z",
        "changed_date": "2018-07-05T08:28:00.698Z",
        "publication_date": "2018-07-05T06:19:56.630Z",
        "publication_end_date": null,
        "in_navigation": true,
        "soft_root": false,
        "reverse_id": null,
        "navigation_extenders": null,
        "template": "INHERIT",
        "login_required": false,
        "limit_visibility_in_menu": null,
        "is_home": false,
        "application_urls": null,
        "application_namespace": null,
        "publisher_is_draft": false,
        "publisher_public": 8,
        "languages": "en",
        "xframe_options": 0,
        "is_page_type": false,
        "node": 5,
        "placeholders": [
            13,
            33,
            34
        ]
    }
},
{
    "model": "cms.treenode",
    "pk": 1,
    "fields": {
        "path": "0001",
        "depth": 1,
        "numchild": 0,
        "parent": null,
        "site": [
            "example.com"
        ]
    }
},
{
    "model": "cms.treenode",
    "pk": 2,
    "fields": {
        "path": "0002",
        "depth": 1,
        "numchild": 0,
        "parent": null,
        "site": [
            "example.com"
        ]
    }
},
{
    "model": "cms.treenode",
    "pk": 3,
    "fields": {
        "path": "0003",
        "depth": 1,
        "numchild": 0,
        "parent": null,
        "site": [
            "example.com"
        ]
    }
},
{
    "model": "cms.treenode",
    "pk": 4,
    "fields": {
        "path": "0004",
        "depth": 1,
        "numchild": 2,
        "parent": null,
        "site": [
            "example.com"
        ]
    }
},
{
    "model": "cms.treenode",
    "pk": 5,
    "fields": {
        "path": "00040002",
        "depth": 2,
        "numchild": 0,
        "parent": 4,
        "site": [
            "example.com"
        ]
    }
},
{
    "model": "cms.treenode",
    "pk": 6,
    "fields": {
        "path": "00040001",
        "depth": 2,
        "numchild": 0,
        "parent": 4,
        "site": [
            "example.com"
        ]
    }
},
{
    "model": "cms.placeholder",
    "pk": 1,
    "fields": {
        "slot": "clipboard",
        "default_width": null
    }
},
{
    "model": "cms.placeholder",
    "pk": 2,
    "fields": {
        "slot": "content",
        "default_width": null
    }
},
{
    "model": "cms.placeholder",
    "pk": 3,
    "fields": {
        "slot": "content",
        "default_width": null
    }
},
{
    "model": "cms.placeholder",
    "pk": 4,
    "fields": {
        "slot": "content",
        "default_width": null
    }
},
{
    "model": "cms.placeholder",
    "pk": 5,
    "fields": {
        "slot": "content",
        "default_width": null
    }
},
{
    "model": "cms.placeholder",
    "pk": 6,
    "fields": {
        "slot": "content",
        "default_width": null
    }
},
{
    "model": "cms.placeholder",
    "pk": 7,
    "fields": {
        "slot": "content",
        "default_width": null
    }
},
{
    "model": "cms.placeholder",
    "pk": 8,
    "fields": {
        "slot": "content",
        "default_width": null
    }
},
{
    "model": "cms.placeholder",
    "pk": 9,
    "fields": {
        "slot": "content",
        "default_width": null
    }
},
{
    "model": "cms.placeholder",
    "pk": 10,
    "fields": {
        "slot": "content",
        "default_width": null
    }
},
{
    "model": "cms.placeholder",
    "pk": 11,
    "fields": {
        "slot": "content",
        "default_width": null
    }
},
{
    "model": "cms.placeholder",
    "pk": 12,
    "fields": {
        "slot": "content",
        "default_width": null
    }
},
{
    "model": "cms.placeholder",
    "pk": 13,
    "fields": {
        "slot": "content",
        "default_width": null
    }
},
{
    "model": "cms.placeholder",
    "pk": 14,
    "fields": {
        "slot": "Feature",
        "default_width": null
    }
},
{
    "model": "cms.placeholder",
    "pk": 15,
    "fields": {
        "slot": "Feature",
        "default_width": null
    }
},
{
    "model": "cms.placeholder",
    "pk": 16,
    "fields": {
        "slot": "Feature",
        "default_width": null
    }
},
{
    "model": "cms.placeholder",
    "pk": 17,
    "fields": {
        "slot": "Feature",
        "default_width": null
    }
},
{
    "model": "cms.placeholder",
    "pk": 18,
    "fields": {
        "slot": "Fullwidth",
        "default_width": null
    }
},
{
    "model": "cms.placeholder",
    "pk": 19,
    "fields": {
        "slot": "Feature",
        "default_width": null
    }
},
{
    "model": "cms.placeholder",
    "pk": 20,
    "fields": {
        "slot": "Fullwidth",
        "default_width": null
    }
},
{
    "model": "cms.placeholder",
    "pk": 21,
    "fields": {
        "slot": "Fullwidth",
        "default_width": null
    }
},
{
    "model": "cms.placeholder",
    "pk": 22,
    "fields": {
        "slot": "Feature",
        "default_width": null
    }
},
{
    "model": "cms.placeholder",
    "pk": 23,
    "fields": {
        "slot": "Fullwidth",
        "default_width": null
    }
},
{
    "model": "cms.placeholder",
    "pk": 24,
    "fields": {
        "slot": "Fullwidth",
        "default_width": null
    }
},
{
    "model": "cms.placeholder",
    "pk": 25,
    "fields": {
        "slot": "Feature",
        "default_width": null
    }
},
{
    "model": "cms.placeholder",
    "pk": 26,
    "fields": {
        "slot": "Fullwidth",
        "default_width": null
    }
},
{
    "model": "cms.placeholder",
    "pk": 27,
    "fields": {
        "slot": "Fullwidth",
        "default_width": null
    }
},
{
    "model": "cms.placeholder",
    "pk": 28,
    "fields": {
        "slot": "Feature",
        "default_width": null
    }
},
{
    "model": "cms.placeholder",
    "pk": 29,
    "fields": {
        "slot": "Fullwidth",
        "default_width": null
    }
},
{
    "model": "cms.placeholder",
    "pk": 30,
    "fields": {
        "slot": "Feature",
        "default_width": null
    }
},
{
    "model": "cms.placeholder",
    "pk": 31,
    "fields": {
        "slot": "Fullwidth",
        "default_width": null
    }
},
{
    "model": "cms.placeholder",
    "pk": 32,
    "fields": {
        "slot": "Feature",
        "default_width": null
    }
},
{
    "model": "cms.placeholder",
    "pk": 33,
    "fields": {
        "slot": "Fullwidth",
        "default_width": null
    }
},
{
    "model": "cms.placeholder",
    "pk": 34,
    "fields": {
        "slot": "Feature",
        "default_width": null
    }
},
{
    "model": "cms.cmsplugin",
    "pk": 86,
    "fields": {
        "path": "000O000200010002",
        "depth": 4,
        "numchild": 0,
        "placeholder": 2,
        "parent": 174,
        "position": 1,
        "language": "en",
        "plugin_type": "PollPluginPublisher",
        "creation_date": "2018-07-03T12:23:19.304Z",
        "changed_date": "2018-07-03T12:24:13.169Z"
    }
},
{
    "model": "cms.cmsplugin",
    "pk": 87,
    "fields": {
        "path": "000O000200020002",
        "depth": 4,
        "numchild": 0,
        "placeholder": 2,
        "parent": 176,
        "position": 1,
        "language": "en",
        "plugin_type": "PollPluginPublisher",
        "creation_date": "2018-07-03T12:24:30.986Z",
        "changed_date": "2018-07-03T12:24:45.312Z"
    }
},
{
    "model": "cms.cmsplugin",
    "pk": 88,
    "fields": {
        "path": "000O000200030002",
        "depth": 4,
        "numchild": 0,
        "placeholder": 2,
        "parent": 178,
        "position": 1,
        "language": "en",
        "plugin_type": "PollPluginPublisher",
        "creation_date": "2018-07-03T12:24:58.098Z",
        "changed_date": "2018-07-03T12:26:51.990Z"
    }
},
{
    "model": "cms.cmsplugin",
    "pk": 89,
    "fields": {
        "path": "001300010001",
        "depth": 3,
        "numchild": 4,
        "placeholder": 23,
        "parent": 223,
        "position": 1,
        "language": "en",
        "plugin_type": "Bootstrap4GridRowPlugin",
        "creation_date": "2018-07-03T12:32:51.876Z",
        "changed_date": "2018-07-03T12:32:51.879Z"
    }
},
{
    "model": "cms.cmsplugin",
    "pk": 90,
    "fields": {
        "path": "0013000100010001",
        "depth": 4,
        "numchild": 1,
        "placeholder": 23,
        "parent": 89,
        "position": 1,
        "language": "en",
        "plugin_type": "Bootstrap4GridColumnPlugin",
        "creation_date": "2018-07-03T12:32:51.880Z",
        "changed_date": "2018-09-07T15:44:00.049Z"
    }
},
{
    "model": "cms.cmsplugin",
    "pk": 92,
    "fields": {
        "path": "0013000100010002",
        "depth": 4,
        "numchild": 1,
        "placeholder": 23,
        "parent": 89,
        "position": 0,
        "language": "en",
        "plugin_type": "Bootstrap4GridColumnPlugin",
        "creation_date": "2018-07-03T12:32:51.880Z",
        "changed_date": "2018-09-07T15:44:00.054Z"
    }
},
{
    "model": "cms.cmsplugin",
    "pk": 93,
    "fields": {
        "path": "0013000100010003",
        "depth": 4,
        "numchild": 1,
        "placeholder": 23,
        "parent": 89,
        "position": 2,
        "language": "en",
        "plugin_type": "Bootstrap4GridColumnPlugin",
        "creation_date": "2018-07-03T12:32:51.880Z",
        "changed_date": "2018-09-07T15:44:00.055Z"
    }
},
{
    "model": "cms.cmsplugin",
    "pk": 94,
    "fields": {
        "path": "0013000100010004",
        "depth": 4,
        "numchild": 1,
        "placeholder": 23,
        "parent": 89,
        "position": 3,
        "language": "en",
        "plugin_type": "Bootstrap4GridColumnPlugin",
        "creation_date": "2018-07-03T12:32:51.880Z",
        "changed_date": "2018-09-07T15:44:00.057Z"
    }
},
{
    "model": "cms.cmsplugin",
    "pk": 95,
    "fields": {
        "path": "00130001000100010001",
        "depth": 5,
        "numchild": 0,
        "placeholder": 23,
        "parent": 90,
        "position": 0,
        "language": "en",
        "plugin_type": "Bootstrap4PicturePlugin",
        "creation_date": "2018-07-03T12:35:45.779Z",
        "changed_date": "2018-07-03T12:35:45.789Z"
    }
},
{
    "model": "cms.cmsplugin",
    "pk": 96,
    "fields": {
        "path": "00130001000100020001",
        "depth": 5,
        "numchild": 0,
        "placeholder": 23,
        "parent": 92,
        "position": 0,
        "language": "en",
        "plugin_type": "Bootstrap4PicturePlugin",
        "creation_date": "2018-07-03T12:35:59.754Z",
        "changed_date": "2018-07-05T08:20:23.099Z"
    }
},
{
    "model": "cms.cmsplugin",
    "pk": 97,
    "fields": {
        "path": "00130001000100030001",
        "depth": 5,
        "numchild": 0,
        "placeholder": 23,
        "parent": 93,
        "position": 0,
        "language": "en",
        "plugin_type": "Bootstrap4PicturePlugin",
        "creation_date": "2018-07-03T12:36:50.526Z",
        "changed_date": "2018-07-03T12:36:50.535Z"
    }
},
{
    "model": "cms.cmsplugin",
    "pk": 98,
    "fields": {
        "path": "00130001000100040001",
        "depth": 5,
        "numchild": 0,
        "placeholder": 23,
        "parent": 94,
        "position": 0,
        "language": "en",
        "plugin_type": "Bootstrap4PicturePlugin",
        "creation_date": "2018-07-03T12:37:03.325Z",
        "changed_date": "2018-07-05T08:20:27.001Z"
    }
},
{
    "model": "cms.cmsplugin",
    "pk": 99,
    "fields": {
        "path": "001300010002",
        "depth": 3,
        "numchild": 0,
        "placeholder": 23,
        "parent": 223,
        "position": 0,
        "language": "en",
        "plugin_type": "TextPlugin",
        "creation_date": "2018-07-03T12:38:59.892Z",
        "changed_date": "2018-07-05T08:19:30.369Z"
    }
},
{
    "model": "cms.cmsplugin",
    "pk": 101,
    "fields": {
        "path": "00100001",
        "depth": 2,
        "numchild": 0,
        "placeholder": 4,
        "parent": 209,
        "position": 0,
        "language": "en",
        "plugin_type": "TextPlugin",
        "creation_date": "2018-07-03T12:38:59.892Z",
        "changed_date": "2018-07-05T08:16:37.663Z"
    }
},
{
    "model": "cms.cmsplugin",
    "pk": 148,
    "fields": {
        "path": "000R00020002",
        "depth": 3,
        "numchild": 3,
        "placeholder": 18,
        "parent": 181,
        "position": 0,
        "language": "en",
        "plugin_type": "Bootstrap4GridRowPlugin",
        "creation_date": "2018-07-05T06:49:59.506Z",
        "changed_date": "2018-07-05T06:52:22.231Z"
    }
},
{
    "model": "cms.cmsplugin",
    "pk": 149,
    "fields": {
        "path": "000R000200020001",
        "depth": 4,
        "numchild": 1,
        "placeholder": 18,
        "parent": 148,
        "position": 0,
        "language": "en",
        "plugin_type": "Bootstrap4GridColumnPlugin",
        "creation_date": "2018-07-05T06:49:59.518Z",
        "changed_date": "2018-09-07T15:44:00.058Z"
    }
},
{
    "model": "cms.cmsplugin",
    "pk": 152,
    "fields": {
        "path": "000O0001",
        "depth": 2,
        "numchild": 0,
        "placeholder": 2,
        "parent": 153,
        "position": 0,
        "language": "en",
        "plugin_type": "TextPlugin",
        "creation_date": "2018-07-05T06:50:09.783Z",
        "changed_date": "2018-07-05T06:53:50.347Z"
    }
},
{
    "model": "cms.cmsplugin",
    "pk": 153,
    "fields": {
        "path": "000O",
        "depth": 1,
        "numchild": 2,
        "placeholder": 2,
        "parent": null,
        "position": 0,
        "language": "en",
        "plugin_type": "StylePlugin",
        "creation_date": "2018-07-05T06:51:01.093Z",
        "changed_date": "2018-07-05T06:51:01.097Z"
    }
},
{
    "model": "cms.cmsplugin",
    "pk": 154,
    "fields": {
        "path": "000R0002000200010001",
        "depth": 5,
        "numchild": 0,
        "placeholder": 18,
        "parent": 149,
        "position": 0,
        "language": "en",
        "plugin_type": "TextPlugin",
        "creation_date": "2018-07-05T06:51:25.112Z",
        "changed_date": "2018-07-05T08:28:29.753Z"
    }
},
{
    "model": "cms.cmsplugin",
    "pk": 157,
    "fields": {
        "path": "000R000200020002",
        "depth": 4,
        "numchild": 1,
        "placeholder": 18,
        "parent": 148,
        "position": 1,
        "language": "en",
        "plugin_type": "Bootstrap4GridColumnPlugin",
        "creation_date": "2018-07-05T06:49:59.518Z",
        "changed_date": "2018-09-07T15:44:00.060Z"
    }
},
{
    "model": "cms.cmsplugin",
    "pk": 158,
    "fields": {
        "path": "000R0002000200020001",
        "depth": 5,
        "numchild": 0,
        "placeholder": 18,
        "parent": 157,
        "position": 0,
        "language": "en",
        "plugin_type": "TextPlugin",
        "creation_date": "2018-07-05T06:51:25.112Z",
        "changed_date": "2018-07-05T06:53:20.029Z"
    }
},
{
    "model": "cms.cmsplugin",
    "pk": 159,
    "fields": {
        "path": "000R000200020003",
        "depth": 4,
        "numchild": 1,
        "placeholder": 18,
        "parent": 148,
        "position": 2,
        "language": "en",
        "plugin_type": "Bootstrap4GridColumnPlugin",
        "creation_date": "2018-07-05T06:49:59.518Z",
        "changed_date": "2018-09-07T15:44:00.061Z"
    }
},
{
    "model": "cms.cmsplugin",
    "pk": 160,
    "fields": {
        "path": "000R0002000200030001",
        "depth": 5,
        "numchild": 0,
        "placeholder": 18,
        "parent": 159,
        "position": 0,
        "language": "en",
        "plugin_type": "TextPlugin",
        "creation_date": "2018-07-05T06:51:25.112Z",
        "changed_date": "2018-07-05T06:53:38.838Z"
    }
},
{
    "model": "cms.cmsplugin",
    "pk": 173,
    "fields": {
        "path": "000O0002",
        "depth": 2,
        "numchild": 3,
        "placeholder": 2,
        "parent": 153,
        "position": 1,
        "language": "en",
        "plugin_type": "Bootstrap4GridRowPlugin",
        "creation_date": "2018-07-05T06:49:59.506Z",
        "changed_date": "2018-07-05T07:41:01.478Z"
    }
},
{
    "model": "cms.cmsplugin",
    "pk": 174,
    "fields": {
        "path": "000O00020001",
        "depth": 3,
        "numchild": 2,
        "placeholder": 2,
        "parent": 173,
        "position": 0,
        "language": "en",
        "plugin_type": "Bootstrap4GridColumnPlugin",
        "creation_date": "2018-07-05T06:49:59.518Z",
        "changed_date": "2018-09-07T15:44:00.063Z"
    }
},
{
    "model": "cms.cmsplugin",
    "pk": 175,
    "fields": {
        "path": "000O000200010001",
        "depth": 4,
        "numchild": 0,
        "placeholder": 2,
        "parent": 174,
        "position": 0,
        "language": "en",
        "plugin_type": "TextPlugin",
        "creation_date": "2018-07-05T06:51:25.112Z",
        "changed_date": "2018-07-05T07:44:44.134Z"
    }
},
{
    "model": "cms.cmsplugin",
    "pk": 176,
    "fields": {
        "path": "000O00020002",
        "depth": 3,
        "numchild": 2,
        "placeholder": 2,
        "parent": 173,
        "position": 1,
        "language": "en",
        "plugin_type": "Bootstrap4GridColumnPlugin",
        "creation_date": "2018-07-05T06:49:59.518Z",
        "changed_date": "2018-09-07T15:44:00.064Z"
    }
},
{
    "model": "cms.cmsplugin",
    "pk": 177,
    "fields": {
        "path": "000O000200020001",
        "depth": 4,
        "numchild": 0,
        "placeholder": 2,
        "parent": 176,
        "position": 0,
        "language": "en",
        "plugin_type": "TextPlugin",
        "creation_date": "2018-07-05T06:51:25.112Z",
        "changed_date": "2018-07-05T07:45:31.469Z"
    }
},
{
    "model": "cms.cmsplugin",
    "pk": 178,
    "fields": {
        "path": "000O00020003",
        "depth": 3,
        "numchild": 2,
        "placeholder": 2,
        "parent": 173,
        "position": 2,
        "language": "en",
        "plugin_type": "Bootstrap4GridColumnPlugin",
        "creation_date": "2018-07-05T06:49:59.518Z",
        "changed_date": "2018-09-07T15:44:00.065Z"
    }
},
{
    "model": "cms.cmsplugin",
    "pk": 179,
    "fields": {
        "path": "000O000200030001",
        "depth": 4,
        "numchild": 0,
        "placeholder": 2,
        "parent": 178,
        "position": 0,
        "language": "en",
        "plugin_type": "TextPlugin",
        "creation_date": "2018-07-05T06:51:25.112Z",
        "changed_date": "2018-07-05T07:45:39.143Z"
    }
},
{
    "model": "cms.cmsplugin",
    "pk": 180,
    "fields": {
        "path": "000R",
        "depth": 1,
        "numchild": 1,
        "placeholder": 18,
        "parent": null,
        "position": 0,
        "language": "en",
        "plugin_type": "StylePlugin",
        "creation_date": "2018-07-05T07:47:33.938Z",
        "changed_date": "2018-07-05T07:53:49.423Z"
    }
},
{
    "model": "cms.cmsplugin",
    "pk": 181,
    "fields": {
        "path": "000R0002",
        "depth": 2,
        "numchild": 1,
        "placeholder": 18,
        "parent": 180,
        "position": 1,
        "language": "en",
        "plugin_type": "StylePlugin",
        "creation_date": "2018-07-05T07:49:25.071Z",
        "changed_date": "2018-07-05T07:49:25.075Z"
    }
},
{
    "model": "cms.cmsplugin",
    "pk": 206,
    "fields": {
        "path": "000Y0001",
        "depth": 2,
        "numchild": 0,
        "placeholder": 15,
        "parent": 207,
        "position": 0,
        "language": "en",
        "plugin_type": "TextPlugin",
        "creation_date": "2018-07-05T07:55:22.174Z",
        "changed_date": "2018-07-05T07:58:42.398Z"
    }
},
{
    "model": "cms.cmsplugin",
    "pk": 207,
    "fields": {
        "path": "000Y",
        "depth": 1,
        "numchild": 1,
        "placeholder": 15,
        "parent": null,
        "position": 1,
        "language": "en",
        "plugin_type": "StylePlugin",
        "creation_date": "2018-07-05T08:03:08.117Z",
        "changed_date": "2018-07-05T08:03:08.121Z"
    }
},
{
    "model": "cms.cmsplugin",
    "pk": 209,
    "fields": {
        "path": "0010",
        "depth": 1,
        "numchild": 1,
        "placeholder": 4,
        "parent": null,
        "position": 0,
        "language": "en",
        "plugin_type": "StylePlugin",
        "creation_date": "2018-07-05T08:16:48.675Z",
        "changed_date": "2018-07-05T08:16:48.678Z"
    }
},
{
    "model": "cms.cmsplugin",
    "pk": 222,
    "fields": {
        "path": "0013",
        "depth": 1,
        "numchild": 1,
        "placeholder": 23,
        "parent": null,
        "position": 1,
        "language": "en",
        "plugin_type": "StylePlugin",
        "creation_date": "2018-07-05T07:47:33.938Z",
        "changed_date": "2018-07-05T08:18:03.676Z"
    }
},
{
    "model": "cms.cmsplugin",
    "pk": 223,
    "fields": {
        "path": "00130001",
        "depth": 2,
        "numchild": 2,
        "placeholder": 23,
        "parent": 222,
        "position": 1,
        "language": "en",
        "plugin_type": "StylePlugin",
        "creation_date": "2018-07-05T07:49:25.071Z",
        "changed_date": "2018-07-05T08:19:08.019Z"
    }
},
{
    "model": "cms.cmsplugin",
    "pk": 248,
    "fields": {
        "path": "0014",
        "depth": 1,
        "numchild": 1,
        "placeholder": 7,
        "parent": null,
        "position": 0,
        "language": "en",
        "plugin_type": "StylePlugin",
        "creation_date": "2018-07-05T08:16:48.675Z",
        "changed_date": "2018-07-05T08:20:32.951Z"
    }
},
{
    "model": "cms.cmsplugin",
    "pk": 249,
    "fields": {
        "path": "00140001",
        "depth": 2,
        "numchild": 0,
        "placeholder": 7,
        "parent": 248,
        "position": 0,
        "language": "en",
        "plugin_type": "TextPlugin",
        "creation_date": "2018-07-03T12:38:59.892Z",
        "changed_date": "2018-07-05T08:20:32.964Z"
    }
},
{
    "model": "cms.cmsplugin",
    "pk": 250,
    "fields": {
        "path": "0015",
        "depth": 1,
        "numchild": 1,
        "placeholder": 21,
        "parent": null,
        "position": 1,
        "language": "en",
        "plugin_type": "StylePlugin",
        "creation_date": "2018-07-05T07:47:33.938Z",
        "changed_date": "2018-07-05T08:20:32.989Z"
    }
},
{
    "model": "cms.cmsplugin",
    "pk": 251,
    "fields": {
        "path": "00150001",
        "depth": 2,
        "numchild": 2,
        "placeholder": 21,
        "parent": 250,
        "position": 1,
        "language": "en",
        "plugin_type": "StylePlugin",
        "creation_date": "2018-07-05T07:49:25.071Z",
        "changed_date": "2018-07-05T08:20:32.991Z"
    }
},
{
    "model": "cms.cmsplugin",
    "pk": 252,
    "fields": {
        "path": "001500010001",
        "depth": 3,
        "numchild": 4,
        "placeholder": 21,
        "parent": 251,
        "position": 1,
        "language": "en",
        "plugin_type": "Bootstrap4GridRowPlugin",
        "creation_date": "2018-07-03T12:32:51.876Z",
        "changed_date": "2018-07-05T08:20:32.995Z"
    }
},
{
    "model": "cms.cmsplugin",
    "pk": 253,
    "fields": {
        "path": "0015000100010001",
        "depth": 4,
        "numchild": 1,
        "placeholder": 21,
        "parent": 252,
        "position": 1,
        "language": "en",
        "plugin_type": "Bootstrap4GridColumnPlugin",
        "creation_date": "2018-07-03T12:32:51.880Z",
        "changed_date": "2018-09-07T15:44:00.066Z"
    }
},
{
    "model": "cms.cmsplugin",
    "pk": 254,
    "fields": {
        "path": "00150001000100010001",
        "depth": 5,
        "numchild": 0,
        "placeholder": 21,
        "parent": 253,
        "position": 0,
        "language": "en",
        "plugin_type": "Bootstrap4PicturePlugin",
        "creation_date": "2018-07-03T12:35:45.779Z",
        "changed_date": "2018-07-05T08:20:33.002Z"
    }
},
{
    "model": "cms.cmsplugin",
    "pk": 255,
    "fields": {
        "path": "0015000100010002",
        "depth": 4,
        "numchild": 1,
        "placeholder": 21,
        "parent": 252,
        "position": 0,
        "language": "en",
        "plugin_type": "Bootstrap4GridColumnPlugin",
        "creation_date": "2018-07-03T12:32:51.880Z",
        "changed_date": "2018-09-07T15:44:00.067Z"
    }
},
{
    "model": "cms.cmsplugin",
    "pk": 256,
    "fields": {
        "path": "00150001000100020001",
        "depth": 5,
        "numchild": 0,
        "placeholder": 21,
        "parent": 255,
        "position": 0,
        "language": "en",
        "plugin_type": "Bootstrap4PicturePlugin",
        "creation_date": "2018-07-03T12:35:59.754Z",
        "changed_date": "2018-07-05T08:20:33.014Z"
    }
},
{
    "model": "cms.cmsplugin",
    "pk": 257,
    "fields": {
        "path": "0015000100010003",
        "depth": 4,
        "numchild": 1,
        "placeholder": 21,
        "parent": 252,
        "position": 2,
        "language": "en",
        "plugin_type": "Bootstrap4GridColumnPlugin",
        "creation_date": "2018-07-03T12:32:51.880Z",
        "changed_date": "2018-09-07T15:44:00.068Z"
    }
},
{
    "model": "cms.cmsplugin",
    "pk": 258,
    "fields": {
        "path": "00150001000100030001",
        "depth": 5,
        "numchild": 0,
        "placeholder": 21,
        "parent": 257,
        "position": 0,
        "language": "en",
        "plugin_type": "Bootstrap4PicturePlugin",
        "creation_date": "2018-07-03T12:36:50.526Z",
        "changed_date": "2018-07-05T08:20:33.027Z"
    }
},
{
    "model": "cms.cmsplugin",
    "pk": 259,
    "fields": {
        "path": "0015000100010004",
        "depth": 4,
        "numchild": 1,
        "placeholder": 21,
        "parent": 252,
        "position": 3,
        "language": "en",
        "plugin_type": "Bootstrap4GridColumnPlugin",
        "creation_date": "2018-07-03T12:32:51.880Z",
        "changed_date": "2018-09-07T15:44:00.070Z"
    }
},
{
    "model": "cms.cmsplugin",
    "pk": 260,
    "fields": {
        "path": "00150001000100040001",
        "depth": 5,
        "numchild": 0,
        "placeholder": 21,
        "parent": 259,
        "position": 0,
        "language": "en",
        "plugin_type": "Bootstrap4PicturePlugin",
        "creation_date": "2018-07-03T12:37:03.325Z",
        "changed_date": "2018-07-05T08:20:33.040Z"
    }
},
{
    "model": "cms.cmsplugin",
    "pk": 261,
    "fields": {
        "path": "001500010002",
        "depth": 3,
        "numchild": 0,
        "placeholder": 21,
        "parent": 251,
        "position": 0,
        "language": "en",
        "plugin_type": "TextPlugin",
        "creation_date": "2018-07-03T12:38:59.892Z",
        "changed_date": "2018-07-05T08:20:33.058Z"
    }
},
{
    "model": "cms.cmsplugin",
    "pk": 285,
    "fields": {
        "path": "001A",
        "depth": 1,
        "numchild": 1,
        "placeholder": 1,
        "parent": null,
        "position": 0,
        "language": "en",
        "plugin_type": "StylePlugin",
        "creation_date": "2018-07-05T08:16:48.675Z",
        "changed_date": "2018-07-05T08:27:20.614Z"
    }
},
{
    "model": "cms.cmsplugin",
    "pk": 286,
    "fields": {
        "path": "001A0001",
        "depth": 2,
        "numchild": 0,
        "placeholder": 1,
        "parent": 285,
        "position": 0,
        "language": "en",
        "plugin_type": "TextPlugin",
        "creation_date": "2018-07-03T12:38:59.892Z",
        "changed_date": "2018-07-05T08:27:20.648Z"
    }
},
{
    "model": "cms.cmsplugin",
    "pk": 287,
    "fields": {
        "path": "001B",
        "depth": 1,
        "numchild": 1,
        "placeholder": 10,
        "parent": null,
        "position": 0,
        "language": "en",
        "plugin_type": "StylePlugin",
        "creation_date": "2018-07-05T08:16:48.675Z",
        "changed_date": "2018-07-05T08:27:26.041Z"
    }
},
{
    "model": "cms.cmsplugin",
    "pk": 288,
    "fields": {
        "path": "001B0001",
        "depth": 2,
        "numchild": 0,
        "placeholder": 10,
        "parent": 287,
        "position": 0,
        "language": "en",
        "plugin_type": "TextPlugin",
        "creation_date": "2018-07-03T12:38:59.892Z",
        "changed_date": "2018-07-05T08:27:30.297Z"
    }
},
{
    "model": "cms.cmsplugin",
    "pk": 289,
    "fields": {
        "path": "001C",
        "depth": 1,
        "numchild": 1,
        "placeholder": 12,
        "parent": null,
        "position": 0,
        "language": "en",
        "plugin_type": "StylePlugin",
        "creation_date": "2018-07-05T08:16:48.675Z",
        "changed_date": "2018-07-05T08:27:32.115Z"
    }
},
{
    "model": "cms.cmsplugin",
    "pk": 290,
    "fields": {
        "path": "001C0001",
        "depth": 2,
        "numchild": 0,
        "placeholder": 12,
        "parent": 289,
        "position": 0,
        "language": "en",
        "plugin_type": "TextPlugin",
        "creation_date": "2018-07-03T12:38:59.892Z",
        "changed_date": "2018-07-05T08:27:32.124Z"
    }
},
{
    "model": "cms.cmsplugin",
    "pk": 291,
    "fields": {
        "path": "001D",
        "depth": 1,
        "numchild": 1,
        "placeholder": 9,
        "parent": null,
        "position": 0,
        "language": "en",
        "plugin_type": "StylePlugin",
        "creation_date": "2018-07-05T08:16:48.675Z",
        "changed_date": "2018-07-05T08:27:53.402Z"
    }
},
{
    "model": "cms.cmsplugin",
    "pk": 292,
    "fields": {
        "path": "001D0001",
        "depth": 2,
        "numchild": 0,
        "placeholder": 9,
        "parent": 291,
        "position": 0,
        "language": "en",
        "plugin_type": "TextPlugin",
        "creation_date": "2018-07-03T12:38:59.892Z",
        "changed_date": "2018-07-05T08:27:58.995Z"
    }
},
{
    "model": "cms.cmsplugin",
    "pk": 293,
    "fields": {
        "path": "001E",
        "depth": 1,
        "numchild": 1,
        "placeholder": 13,
        "parent": null,
        "position": 0,
        "language": "en",
        "plugin_type": "StylePlugin",
        "creation_date": "2018-07-05T08:16:48.675Z",
        "changed_date": "2018-07-05T08:28:00.714Z"
    }
},
{
    "model": "cms.cmsplugin",
    "pk": 294,
    "fields": {
        "path": "001E0001",
        "depth": 2,
        "numchild": 0,
        "placeholder": 13,
        "parent": 293,
        "position": 0,
        "language": "en",
        "plugin_type": "TextPlugin",
        "creation_date": "2018-07-03T12:38:59.892Z",
        "changed_date": "2018-07-05T08:28:00.726Z"
    }
},
{
    "model": "cms.cmsplugin",
    "pk": 318,
    "fields": {
        "path": "001F",
        "depth": 1,
        "numchild": 2,
        "placeholder": 3,
        "parent": null,
        "position": 0,
        "language": "en",
        "plugin_type": "StylePlugin",
        "creation_date": "2018-07-05T06:51:01.093Z",
        "changed_date": "2018-07-05T08:35:33.979Z"
    }
},
{
    "model": "cms.cmsplugin",
    "pk": 319,
    "fields": {
        "path": "001F0001",
        "depth": 2,
        "numchild": 0,
        "placeholder": 3,
        "parent": 318,
        "position": 0,
        "language": "en",
        "plugin_type": "TextPlugin",
        "creation_date": "2018-07-05T06:50:09.783Z",
        "changed_date": "2018-07-05T08:35:34.070Z"
    }
},
{
    "model": "cms.cmsplugin",
    "pk": 320,
    "fields": {
        "path": "001F0002",
        "depth": 2,
        "numchild": 3,
        "placeholder": 3,
        "parent": 318,
        "position": 1,
        "language": "en",
        "plugin_type": "Bootstrap4GridRowPlugin",
        "creation_date": "2018-07-05T06:49:59.506Z",
        "changed_date": "2018-07-05T08:35:34.004Z"
    }
},
{
    "model": "cms.cmsplugin",
    "pk": 321,
    "fields": {
        "path": "001F00020001",
        "depth": 3,
        "numchild": 2,
        "placeholder": 3,
        "parent": 320,
        "position": 0,
        "language": "en",
        "plugin_type": "Bootstrap4GridColumnPlugin",
        "creation_date": "2018-07-05T06:49:59.518Z",
        "changed_date": "2018-09-07T15:44:00.071Z"
    }
},
{
    "model": "cms.cmsplugin",
    "pk": 322,
    "fields": {
        "path": "001F000200010001",
        "depth": 4,
        "numchild": 0,
        "placeholder": 3,
        "parent": 321,
        "position": 0,
        "language": "en",
        "plugin_type": "TextPlugin",
        "creation_date": "2018-07-05T06:51:25.112Z",
        "changed_date": "2018-07-05T08:35:34.081Z"
    }
},
{
    "model": "cms.cmsplugin",
    "pk": 323,
    "fields": {
        "path": "001F000200010002",
        "depth": 4,
        "numchild": 0,
        "placeholder": 3,
        "parent": 321,
        "position": 1,
        "language": "en",
        "plugin_type": "PollPluginPublisher",
        "creation_date": "2018-07-03T12:23:19.304Z",
        "changed_date": "2018-07-05T08:35:34.026Z"
    }
},
{
    "model": "cms.cmsplugin",
    "pk": 324,
    "fields": {
        "path": "001F00020002",
        "depth": 3,
        "numchild": 2,
        "placeholder": 3,
        "parent": 320,
        "position": 1,
        "language": "en",
        "plugin_type": "Bootstrap4GridColumnPlugin",
        "creation_date": "2018-07-05T06:49:59.518Z",
        "changed_date": "2018-09-07T15:44:00.072Z"
    }
},
{
    "model": "cms.cmsplugin",
    "pk": 325,
    "fields": {
        "path": "001F000200020001",
        "depth": 4,
        "numchild": 0,
        "placeholder": 3,
        "parent": 324,
        "position": 0,
        "language": "en",
        "plugin_type": "TextPlugin",
        "creation_date": "2018-07-05T06:51:25.112Z",
        "changed_date": "2018-07-05T08:35:34.090Z"
    }
},
{
    "model": "cms.cmsplugin",
    "pk": 326,
    "fields": {
        "path": "001F000200020002",
        "depth": 4,
        "numchild": 0,
        "placeholder": 3,
        "parent": 324,
        "position": 1,
        "language": "en",
        "plugin_type": "PollPluginPublisher",
        "creation_date": "2018-07-03T12:24:30.986Z",
        "changed_date": "2018-07-05T08:35:34.045Z"
    }
},
{
    "model": "cms.cmsplugin",
    "pk": 327,
    "fields": {
        "path": "001F00020003",
        "depth": 3,
        "numchild": 2,
        "placeholder": 3,
        "parent": 320,
        "position": 2,
        "language": "en",
        "plugin_type": "Bootstrap4GridColumnPlugin",
        "creation_date": "2018-07-05T06:49:59.518Z",
        "changed_date": "2018-09-07T15:44:00.073Z"
    }
},
{
    "model": "cms.cmsplugin",
    "pk": 328,
    "fields": {
        "path": "001F000200030001",
        "depth": 4,
        "numchild": 0,
        "placeholder": 3,
        "parent": 327,
        "position": 0,
        "language": "en",
        "plugin_type": "TextPlugin",
        "creation_date": "2018-07-05T06:51:25.112Z",
        "changed_date": "2018-07-05T08:35:34.099Z"
    }
},
{
    "model": "cms.cmsplugin",
    "pk": 329,
    "fields": {
        "path": "001F000200030002",
        "depth": 4,
        "numchild": 0,
        "placeholder": 3,
        "parent": 327,
        "position": 1,
        "language": "en",
        "plugin_type": "PollPluginPublisher",
        "creation_date": "2018-07-03T12:24:58.098Z",
        "changed_date": "2018-07-05T08:35:34.064Z"
    }
},
{
    "model": "cms.cmsplugin",
    "pk": 330,
    "fields": {
        "path": "001G",
        "depth": 1,
        "numchild": 1,
        "placeholder": 19,
        "parent": null,
        "position": 1,
        "language": "en",
        "plugin_type": "StylePlugin",
        "creation_date": "2018-07-05T08:03:08.117Z",
        "changed_date": "2018-07-05T08:35:34.114Z"
    }
},
{
    "model": "cms.cmsplugin",
    "pk": 331,
    "fields": {
        "path": "001G0001",
        "depth": 2,
        "numchild": 0,
        "placeholder": 19,
        "parent": 330,
        "position": 0,
        "language": "en",
        "plugin_type": "TextPlugin",
        "creation_date": "2018-07-05T07:55:22.174Z",
        "changed_date": "2018-07-05T08:35:34.129Z"
    }
},
{
    "model": "cms.cmsplugin",
    "pk": 332,
    "fields": {
        "path": "001H",
        "depth": 1,
        "numchild": 1,
        "placeholder": 20,
        "parent": null,
        "position": 0,
        "language": "en",
        "plugin_type": "StylePlugin",
        "creation_date": "2018-07-05T07:47:33.938Z",
        "changed_date": "2018-07-05T08:35:34.157Z"
    }
},
{
    "model": "cms.cmsplugin",
    "pk": 333,
    "fields": {
        "path": "001H0001",
        "depth": 2,
        "numchild": 1,
        "placeholder": 20,
        "parent": 332,
        "position": 1,
        "language": "en",
        "plugin_type": "StylePlugin",
        "creation_date": "2018-07-05T07:49:25.071Z",
        "changed_date": "2018-07-05T08:35:34.160Z"
    }
},
{
    "model": "cms.cmsplugin",
    "pk": 334,
    "fields": {
        "path": "001H00010001",
        "depth": 3,
        "numchild": 3,
        "placeholder": 20,
        "parent": 333,
        "position": 0,
        "language": "en",
        "plugin_type": "Bootstrap4GridRowPlugin",
        "creation_date": "2018-07-05T06:49:59.506Z",
        "changed_date": "2018-07-05T08:35:34.166Z"
    }
},
{
    "model": "cms.cmsplugin",
    "pk": 335,
    "fields": {
        "path": "001H000100010001",
        "depth": 4,
        "numchild": 1,
        "placeholder": 20,
        "parent": 334,
        "position": 0,
        "language": "en",
        "plugin_type": "Bootstrap4GridColumnPlugin",
        "creation_date": "2018-07-05T06:49:59.518Z",
        "changed_date": "2018-09-07T15:44:00.074Z"
    }
},
{
    "model": "cms.cmsplugin",
    "pk": 336,
    "fields": {
        "path": "001H0001000100010001",
        "depth": 5,
        "numchild": 0,
        "placeholder": 20,
        "parent": 335,
        "position": 0,
        "language": "en",
        "plugin_type": "TextPlugin",
        "creation_date": "2018-07-05T06:51:25.112Z",
        "changed_date": "2018-07-05T08:35:34.219Z"
    }
},
{
    "model": "cms.cmsplugin",
    "pk": 337,
    "fields": {
        "path": "001H000100010002",
        "depth": 4,
        "numchild": 1,
        "placeholder": 20,
        "parent": 334,
        "position": 1,
        "language": "en",
        "plugin_type": "Bootstrap4GridColumnPlugin",
        "creation_date": "2018-07-05T06:49:59.518Z",
        "changed_date": "2018-09-07T15:44:00.075Z"
    }
},
{
    "model": "cms.cmsplugin",
    "pk": 338,
    "fields": {
        "path": "001H0001000100020001",
        "depth": 5,
        "numchild": 0,
        "placeholder": 20,
        "parent": 337,
        "position": 0,
        "language": "en",
        "plugin_type": "TextPlugin",
        "creation_date": "2018-07-05T06:51:25.112Z",
        "changed_date": "2018-07-05T08:35:34.229Z"
    }
},
{
    "model": "cms.cmsplugin",
    "pk": 339,
    "fields": {
        "path": "001H000100010003",
        "depth": 4,
        "numchild": 1,
        "placeholder": 20,
        "parent": 334,
        "position": 2,
        "language": "en",
        "plugin_type": "Bootstrap4GridColumnPlugin",
        "creation_date": "2018-07-05T06:49:59.518Z",
        "changed_date": "2018-09-07T15:44:00.077Z"
    }
},
{
    "model": "cms.cmsplugin",
    "pk": 340,
    "fields": {
        "path": "001H0001000100030001",
        "depth": 5,
        "numchild": 0,
        "placeholder": 20,
        "parent": 339,
        "position": 0,
        "language": "en",
        "plugin_type": "TextPlugin",
        "creation_date": "2018-07-05T06:51:25.112Z",
        "changed_date": "2018-07-05T08:35:34.239Z"
    }
},
{
    "model": "cms.title",
    "pk": 1,
    "fields": {
        "language": "en",
        "title": "The Opinions Company",
        "page_title": null,
        "menu_title": null,
        "meta_description": null,
        "slug": "opinions-company",
        "path": "",
        "has_url_overwrite": false,
        "redirect": null,
        "page": 1,
        "creation_date": "2018-07-03T11:07:12.038Z",
        "published": true,
        "publisher_is_draft": true,
        "publisher_public": 2,
        "publisher_state": 0
    }
},
{
    "model": "cms.title",
    "pk": 2,
    "fields": {
        "language": "en",
        "title": "The Opinions Company",
        "page_title": null,
        "menu_title": null,
        "meta_description": null,
        "slug": "opinions-company",
        "path": "",
        "has_url_overwrite": false,
        "redirect": null,
        "page": 2,
        "creation_date": "2018-07-03T11:07:12.038Z",
        "published": true,
        "publisher_is_draft": false,
        "publisher_public": 1,
        "publisher_state": 0
    }
},
{
    "model": "cms.title",
    "pk": 3,
    "fields": {
        "language": "en",
        "title": "Our methods",
        "page_title": "",
        "menu_title": "",
        "meta_description": "",
        "slug": "our-methods",
        "path": "our-methods",
        "has_url_overwrite": false,
        "redirect": null,
        "page": 3,
        "creation_date": "2018-07-03T11:07:36.940Z",
        "published": true,
        "publisher_is_draft": true,
        "publisher_public": 6,
        "publisher_state": 0
    }
},
{
    "model": "cms.title",
    "pk": 4,
    "fields": {
        "language": "en",
        "title": "All our opinion polls",
        "page_title": "",
        "menu_title": "",
        "meta_description": "",
        "slug": "all-our-opinion-polls",
        "path": "all-our-opinion-polls",
        "has_url_overwrite": false,
        "redirect": null,
        "page": 4,
        "creation_date": "2018-07-03T11:07:52.964Z",
        "published": true,
        "publisher_is_draft": true,
        "publisher_public": 5,
        "publisher_state": 0
    }
},
{
    "model": "cms.title",
    "pk": 5,
    "fields": {
        "language": "en",
        "title": "All our opinion polls",
        "page_title": "",
        "menu_title": "",
        "meta_description": "",
        "slug": "all-our-opinion-polls",
        "path": "all-our-opinion-polls",
        "has_url_overwrite": false,
        "redirect": null,
        "page": 5,
        "creation_date": "2018-07-03T11:07:52.964Z",
        "published": true,
        "publisher_is_draft": false,
        "publisher_public": 4,
        "publisher_state": 0
    }
},
{
    "model": "cms.title",
    "pk": 6,
    "fields": {
        "language": "en",
        "title": "Our methods",
        "page_title": "",
        "menu_title": "",
        "meta_description": "",
        "slug": "our-methods",
        "path": "our-methods",
        "has_url_overwrite": false,
        "redirect": null,
        "page": 6,
        "creation_date": "2018-07-03T11:07:36.940Z",
        "published": true,
        "publisher_is_draft": false,
        "publisher_public": 3,
        "publisher_state": 0
    }
},
{
    "model": "cms.title",
    "pk": 7,
    "fields": {
        "language": "en",
        "title": "Footer",
        "page_title": "",
        "menu_title": "",
        "meta_description": "",
        "slug": "footer",
        "path": "footer",
        "has_url_overwrite": false,
        "redirect": null,
        "page": 7,
        "creation_date": "2018-07-05T06:19:20.323Z",
        "published": true,
        "publisher_is_draft": true,
        "publisher_public": 10,
        "publisher_state": 0
    }
},
{
    "model": "cms.title",
    "pk": 8,
    "fields": {
        "language": "en",
        "title": "Terms of Service",
        "page_title": "",
        "menu_title": "",
        "meta_description": "",
        "slug": "terms-service",
        "path": "footer/terms-service",
        "has_url_overwrite": false,
        "redirect": null,
        "page": 8,
        "creation_date": "2018-07-05T06:19:37.824Z",
        "published": true,
        "publisher_is_draft": true,
        "publisher_public": 12,
        "publisher_state": 0
    }
},
{
    "model": "cms.title",
    "pk": 9,
    "fields": {
        "language": "en",
        "title": "Contact",
        "page_title": "",
        "menu_title": "",
        "meta_description": "",
        "slug": "contact",
        "path": "footer/contact",
        "has_url_overwrite": false,
        "redirect": null,
        "page": 9,
        "creation_date": "2018-07-05T06:19:43.694Z",
        "published": true,
        "publisher_is_draft": true,
        "publisher_public": 11,
        "publisher_state": 0
    }
},
{
    "model": "cms.title",
    "pk": 10,
    "fields": {
        "language": "en",
        "title": "Footer",
        "page_title": "",
        "menu_title": "",
        "meta_description": "",
        "slug": "footer",
        "path": "footer",
        "has_url_overwrite": false,
        "redirect": null,
        "page": 10,
        "creation_date": "2018-07-05T06:19:20.323Z",
        "published": true,
        "publisher_is_draft": false,
        "publisher_public": 7,
        "publisher_state": 0
    }
},
{
    "model": "cms.title",
    "pk": 11,
    "fields": {
        "language": "en",
        "title": "Contact",
        "page_title": "",
        "menu_title": "",
        "meta_description": "",
        "slug": "contact",
        "path": "footer/contact",
        "has_url_overwrite": false,
        "redirect": null,
        "page": 11,
        "creation_date": "2018-07-05T06:19:43.694Z",
        "published": true,
        "publisher_is_draft": false,
        "publisher_public": 9,
        "publisher_state": 0
    }
},
{
    "model": "cms.title",
    "pk": 12,
    "fields": {
        "language": "en",
        "title": "Terms of Service",
        "page_title": "",
        "menu_title": "",
        "meta_description": "",
        "slug": "terms-service",
        "path": "footer/terms-service",
        "has_url_overwrite": false,
        "redirect": null,
        "page": 12,
        "creation_date": "2018-07-05T06:19:37.824Z",
        "published": true,
        "publisher_is_draft": false,
        "publisher_public": 8,
        "publisher_state": 0
    }
},
{
    "model": "cms.urlconfrevision",
    "pk": 1,
    "fields": {
        "revision": "49ab6a4b-27ce-41c2-8df9-46ad276b3d17"
    }
},
{
    "model": "menus.cachekey",
    "pk": 32,
    "fields": {
        "language": "en",
        "site": 1,
        "key": "cms_3.5.2_menu_nodes_en_1_1_user:public"
    }
},
{
    "model": "menus.cachekey",
    "pk": 33,
    "fields": {
        "language": "en",
        "site": 1,
        "key": "cms_3.5.2_menu_nodes_en_1:public"
    }
},
{
    "model": "menus.cachekey",
    "pk": 34,
    "fields": {
        "language": "en",
        "site": 1,
        "key": "cms_3.5.2_menu_nodes_en_1_1_user:draft"
    }
},
{
    "model": "djangocms_text_ckeditor.text",
    "pk": 99,
    "fields": {
        "body": "<h2 class=\"section-heading text-uppercase\">Our amazing polls</h2>\n\n<h3 class=\"section-subheading text-muted\">Lorem ipsum dolor sit amet, consectetur adipisicing elit. Aut eaque, laboriosam veritatis, quos non quis ad perspiciatis, totam corporis ea, alias ut unde.</h3>"
    }
},
{
    "model": "djangocms_text_ckeditor.text",
    "pk": 101,
    "fields": {
        "body": "<h2 class=\"section-heading text-uppercase\">About polls</h2>\n\n<h3 class=\"section-subheading text-muted\">Maecenas nec ex non nulla cursus fringilla ut quis justo. Interdum et malesuada fames ac ante ipsum primis in faucibus.</h3>\n\n<p>Nunc sit amet purus porta, sodales nulla quis, dignissim orci. Praesent auctor euismod erat sed vulputate.</p>\n\n<p>Donec vulputate hendrerit neque eu eleifend. Mauris porta condimentum dui, non ullamcorper ante. Sed pretium massa enim, at vehicula augue sagittis vel. Pellentesque ultrices, eros eu semper vulputate, metus orci luctus justo, eget tempor ipsum libero nec odio. Maecenas a tellus mauris. Vivamus luctus sapien ex, eu molestie lacus tincidunt et. Integer volutpat massa enim, a varius arcu semper sit amet.</p>\n\n<p>Pellentesque purus nulla, commodo vel est in, tempus suscipit libero.</p>"
    }
},
{
    "model": "djangocms_text_ckeditor.text",
    "pk": 152,
    "fields": {
        "body": "<h2 class=\"section-heading text-uppercase\">Our opinions</h2>\n\n<h3 class=\"section-subheading text-muted\">Because everyone has an opinion (and wants to share it)</h3>"
    }
},
{
    "model": "djangocms_text_ckeditor.text",
    "pk": 154,
    "fields": {
        "body": "<h4 class=\"service-heading\">We all need opinions</h4>\n\n<p class=\"text-muted\">Lorem ipsum dolor sit amet, consectetur adipiscing elit. Vivamus vel venenatis ipsum. Duis tincidunt aliquam lacus at pretium. Sed ultricies purus non dui suscipit egestas. Integer sed laoreet nisl.\u00a0</p>"
    }
},
{
    "model": "djangocms_text_ckeditor.text",
    "pk": 158,
    "fields": {
        "body": "<h4 class=\"service-heading\">We have the best opinions</h4>\n\n<p class=\"text-muted\">Lorem ipsum dolor sit amet, consectetur adipisicing elit. Minima maxime quam architecto quo inventore harum ex magni, dicta impedit.</p>"
    }
},
{
    "model": "djangocms_text_ckeditor.text",
    "pk": 160,
    "fields": {
        "body": "<h4 class=\"service-heading\">We use our opinions wisely</h4>\n\n<p class=\"text-muted\">They're totally great, you'll love them.\u00a0Nunc fringilla venenatis purus eu efficitur. Pellentesque at malesuada nisl. Maecenas a velit vitae justo gravida fringilla a quis massa.</p>"
    }
},
{
    "model": "djangocms_text_ckeditor.text",
    "pk": 175,
    "fields": {
        "body": "<h4 class=\"service-heading\">Poll of the day</h4>"
    }
},
{
    "model": "djangocms_text_ckeditor.text",
    "pk": 177,
    "fields": {
        "body": "<h4 class=\"service-heading\">Best question ever</h4>"
    }
},
{
    "model": "djangocms_text_ckeditor.text",
    "pk": 179,
    "fields": {
        "body": "<h4 class=\"service-heading\">What next?</h4>"
    }
},
{
    "model": "djangocms_text_ckeditor.text",
    "pk": 206,
    "fields": {
        "body": "<h1 class=\"intro-lead-in\">Welcome to our company!</h1>\n\n<p class=\"intro-heading text-uppercase\">It's nice to meet you</p>\n\n<p><a class=\"btn btn-primary btn-xl text-uppercase js-scroll-trigger\" href=\"#start\">Our opinions</a></p>"
    }
},
{
    "model": "djangocms_text_ckeditor.text",
    "pk": 249,
    "fields": {
        "body": "<h2 class=\"section-heading text-uppercase\">About polls</h2>\n\n<h3 class=\"section-subheading text-muted\">Maecenas nec ex non nulla cursus fringilla ut quis justo. Interdum et malesuada fames ac ante ipsum primis in faucibus.</h3>\n\n<p>Nunc sit amet purus porta, sodales nulla quis, dignissim orci. Praesent auctor euismod erat sed vulputate.</p>\n\n<p>Donec vulputate hendrerit neque eu eleifend. Mauris porta condimentum dui, non ullamcorper ante. Sed pretium massa enim, at vehicula augue sagittis vel. Pellentesque ultrices, eros eu semper vulputate, metus orci luctus justo, eget tempor ipsum libero nec odio. Maecenas a tellus mauris. Vivamus luctus sapien ex, eu molestie lacus tincidunt et. Integer volutpat massa enim, a varius arcu semper sit amet.</p>\n\n<p>Pellentesque purus nulla, commodo vel est in, tempus suscipit libero.</p>"
    }
},
{
    "model": "djangocms_text_ckeditor.text",
    "pk": 261,
    "fields": {
        "body": "<h2 class=\"section-heading text-uppercase\">Our amazing polls</h2>\n\n<h3 class=\"section-subheading text-muted\">Lorem ipsum dolor sit amet, consectetur adipisicing elit. Aut eaque, laboriosam veritatis, quos non quis ad perspiciatis, totam corporis ea, alias ut unde.</h3>"
    }
},
{
    "model": "djangocms_text_ckeditor.text",
    "pk": 286,
    "fields": {
        "body": "<h2 class=\"section-heading text-uppercase\">About polls</h2>\n\n<h3 class=\"section-subheading text-muted\">Maecenas nec ex non nulla cursus fringilla ut quis justo. Interdum et malesuada fames ac ante ipsum primis in faucibus.</h3>\n\n<p>Nunc sit amet purus porta, sodales nulla quis, dignissim orci. Praesent auctor euismod erat sed vulputate.</p>\n\n<p>Donec vulputate hendrerit neque eu eleifend. Mauris porta condimentum dui, non ullamcorper ante. Sed pretium massa enim, at vehicula augue sagittis vel. Pellentesque ultrices, eros eu semper vulputate, metus orci luctus justo, eget tempor ipsum libero nec odio. Maecenas a tellus mauris. Vivamus luctus sapien ex, eu molestie lacus tincidunt et. Integer volutpat massa enim, a varius arcu semper sit amet.</p>\n\n<p>Pellentesque purus nulla, commodo vel est in, tempus suscipit libero.</p>"
    }
},
{
    "model": "djangocms_text_ckeditor.text",
    "pk": 288,
    "fields": {
        "body": "<h2 class=\"section-heading text-uppercase\">Contact</h2>\n\n<h3 class=\"section-subheading text-muted\">Maecenas nec ex non nulla cursus fringilla ut quis justo. Interdum et malesuada fames ac ante ipsum primis in faucibus.</h3>\n\n<p>Nunc sit amet purus porta, sodales nulla quis, dignissim orci. Praesent auctor euismod erat sed vulputate.</p>\n\n<p>Donec vulputate hendrerit neque eu eleifend. Mauris porta condimentum dui, non ullamcorper ante. Sed pretium massa enim, at vehicula augue sagittis vel. Pellentesque ultrices, eros eu semper vulputate, metus orci luctus justo, eget tempor ipsum libero nec odio. Maecenas a tellus mauris. Vivamus luctus sapien ex, eu molestie lacus tincidunt et. Integer volutpat massa enim, a varius arcu semper sit amet.</p>\n\n<p>Pellentesque purus nulla, commodo vel est in, tempus suscipit libero.</p>"
    }
},
{
    "model": "djangocms_text_ckeditor.text",
    "pk": 290,
    "fields": {
        "body": "<h2 class=\"section-heading text-uppercase\">Contact</h2>\n\n<h3 class=\"section-subheading text-muted\">Maecenas nec ex non nulla cursus fringilla ut quis justo. Interdum et malesuada fames ac ante ipsum primis in faucibus.</h3>\n\n<p>Nunc sit amet purus porta, sodales nulla quis, dignissim orci. Praesent auctor euismod erat sed vulputate.</p>\n\n<p>Donec vulputate hendrerit neque eu eleifend. Mauris porta condimentum dui, non ullamcorper ante. Sed pretium massa enim, at vehicula augue sagittis vel. Pellentesque ultrices, eros eu semper vulputate, metus orci luctus justo, eget tempor ipsum libero nec odio. Maecenas a tellus mauris. Vivamus luctus sapien ex, eu molestie lacus tincidunt et. Integer volutpat massa enim, a varius arcu semper sit amet.</p>\n\n<p>Pellentesque purus nulla, commodo vel est in, tempus suscipit libero.</p>"
    }
},
{
    "model": "djangocms_text_ckeditor.text",
    "pk": 292,
    "fields": {
        "body": "<h2 class=\"section-heading text-uppercase\">Terms of Service</h2>\n\n<h3 class=\"section-subheading text-muted\">Maecenas nec ex non nulla cursus fringilla ut quis justo. Interdum et malesuada fames ac ante ipsum primis in faucibus.</h3>\n\n<p>Nunc sit amet purus porta, sodales nulla quis, dignissim orci. Praesent auctor euismod erat sed vulputate.</p>\n\n<p>Donec vulputate hendrerit neque eu eleifend. Mauris porta condimentum dui, non ullamcorper ante. Sed pretium massa enim, at vehicula augue sagittis vel. Pellentesque ultrices, eros eu semper vulputate, metus orci luctus justo, eget tempor ipsum libero nec odio. Maecenas a tellus mauris. Vivamus luctus sapien ex, eu molestie lacus tincidunt et. Integer volutpat massa enim, a varius arcu semper sit amet.</p>\n\n<p>Pellentesque purus nulla, commodo vel est in, tempus suscipit libero.</p>"
    }
},
{
    "model": "djangocms_text_ckeditor.text",
    "pk": 294,
    "fields": {
        "body": "<h2 class=\"section-heading text-uppercase\">Terms of Service</h2>\n\n<h3 class=\"section-subheading text-muted\">Maecenas nec ex non nulla cursus fringilla ut quis justo. Interdum et malesuada fames ac ante ipsum primis in faucibus.</h3>\n\n<p>Nunc sit amet purus porta, sodales nulla quis, dignissim orci. Praesent auctor euismod erat sed vulputate.</p>\n\n<p>Donec vulputate hendrerit neque eu eleifend. Mauris porta condimentum dui, non ullamcorper ante. Sed pretium massa enim, at vehicula augue sagittis vel. Pellentesque ultrices, eros eu semper vulputate, metus orci luctus justo, eget tempor ipsum libero nec odio. Maecenas a tellus mauris. Vivamus luctus sapien ex, eu molestie lacus tincidunt et. Integer volutpat massa enim, a varius arcu semper sit amet.</p>\n\n<p>Pellentesque purus nulla, commodo vel est in, tempus suscipit libero.</p>"
    }
},
{
    "model": "djangocms_text_ckeditor.text",
    "pk": 319,
    "fields": {
        "body": "<h2 class=\"section-heading text-uppercase\">Our opinions</h2>\n\n<h3 class=\"section-subheading text-muted\">Because everyone has an opinion (and wants to share it)</h3>"
    }
},
{
    "model": "djangocms_text_ckeditor.text",
    "pk": 322,
    "fields": {
        "body": "<h4 class=\"service-heading\">Poll of the day</h4>"
    }
},
{
    "model": "djangocms_text_ckeditor.text",
    "pk": 325,
    "fields": {
        "body": "<h4 class=\"service-heading\">Best question ever</h4>"
    }
},
{
    "model": "djangocms_text_ckeditor.text",
    "pk": 328,
    "fields": {
        "body": "<h4 class=\"service-heading\">What next?</h4>"
    }
},
{
    "model": "djangocms_text_ckeditor.text",
    "pk": 331,
    "fields": {
        "body": "<h1 class=\"intro-lead-in\">Welcome to our company!</h1>\n\n<p class=\"intro-heading text-uppercase\">It's nice to meet you</p>\n\n<p><a class=\"btn btn-primary btn-xl text-uppercase js-scroll-trigger\" href=\"#start\">Our opinions</a></p>"
    }
},
{
    "model": "djangocms_text_ckeditor.text",
    "pk": 336,
    "fields": {
        "body": "<h4 class=\"service-heading\">We all need opinions</h4>\n\n<p class=\"text-muted\">Lorem ipsum dolor sit amet, consectetur adipiscing elit. Vivamus vel venenatis ipsum. Duis tincidunt aliquam lacus at pretium. Sed ultricies purus non dui suscipit egestas. Integer sed laoreet nisl.\u00a0</p>"
    }
},
{
    "model": "djangocms_text_ckeditor.text",
    "pk": 338,
    "fields": {
        "body": "<h4 class=\"service-heading\">We have the best opinions</h4>\n\n<p class=\"text-muted\">Lorem ipsum dolor sit amet, consectetur adipisicing elit. Minima maxime quam architecto quo inventore harum ex magni, dicta impedit.</p>"
    }
},
{
    "model": "djangocms_text_ckeditor.text",
    "pk": 340,
    "fields": {
        "body": "<h4 class=\"service-heading\">We use our opinions wisely</h4>\n\n<p class=\"text-muted\">They're totally great, you'll love them.\u00a0Nunc fringilla venenatis purus eu efficitur. Pellentesque at malesuada nisl. Maecenas a velit vitae justo gravida fringilla a quis massa.</p>"
    }
},
{
    "model": "easy_thumbnails.source",
    "pk": 1,
    "fields": {
        "storage_hash": "f9bde26a1556cd667f742bd34ec7c55e",
        "name": "filer_public/b8/fe/b8feffdf-e63f-4160-a90b-5a1cc9b758ae/arctic_ocean.png",
        "modified": "2018-09-07T13:05:45.124Z"
    }
},
{
    "model": "easy_thumbnails.source",
    "pk": 2,
    "fields": {
        "storage_hash": "f9bde26a1556cd667f742bd34ec7c55e",
        "name": "filer_public/46/26/4626b447-95a0-44a8-abd2-fc833435b441/mercator_north_pole_1595.jpg",
        "modified": "2018-09-07T13:05:45.084Z"
    }
},
{
    "model": "easy_thumbnails.source",
    "pk": 3,
    "fields": {
        "storage_hash": "f9bde26a1556cd667f742bd34ec7c55e",
        "name": "filer_public/83/67/8367547b-d331-4e88-93e8-df80bf03eecc/pole-south.gif",
        "modified": "2018-09-07T13:05:45.161Z"
    }
},
{
    "model": "easy_thumbnails.source",
    "pk": 4,
    "fields": {
        "storage_hash": "f9bde26a1556cd667f742bd34ec7c55e",
        "name": "filer_public/cc/d1/ccd1570b-1adb-4240-b4f5-fba7626613bc/660px-antarctica_6400px_from_blue_marble.jpg",
        "modified": "2018-09-07T13:05:45.244Z"
    }
},
{
    "model": "easy_thumbnails.thumbnail",
    "pk": 1,
    "fields": {
        "storage_hash": "f9bde26a1556cd667f742bd34ec7c55e",
        "name": "filer_public_thumbnails/filer_public/b8/fe/b8feffdf-e63f-4160-a90b-5a1cc9b758ae/arctic_ocean.png__16x16_q85_crop_subsampling-2_upscale.jpg",
        "modified": "2018-07-03T12:31:17.600Z",
        "source": 1
    }
},
{
    "model": "easy_thumbnails.thumbnail",
    "pk": 2,
    "fields": {
        "storage_hash": "f9bde26a1556cd667f742bd34ec7c55e",
        "name": "filer_public_thumbnails/filer_public/b8/fe/b8feffdf-e63f-4160-a90b-5a1cc9b758ae/arctic_ocean.png__32x32_q85_crop_subsampling-2_upscale.jpg",
        "modified": "2018-07-03T12:31:17.609Z",
        "source": 1
    }
},
{
    "model": "easy_thumbnails.thumbnail",
    "pk": 3,
    "fields": {
        "storage_hash": "f9bde26a1556cd667f742bd34ec7c55e",
        "name": "filer_public_thumbnails/filer_public/b8/fe/b8feffdf-e63f-4160-a90b-5a1cc9b758ae/arctic_ocean.png__48x48_q85_crop_subsampling-2_upscale.jpg",
        "modified": "2018-07-03T12:31:17.617Z",
        "source": 1
    }
},
{
    "model": "easy_thumbnails.thumbnail",
    "pk": 4,
    "fields": {
        "storage_hash": "f9bde26a1556cd667f742bd34ec7c55e",
        "name": "filer_public_thumbnails/filer_public/b8/fe/b8feffdf-e63f-4160-a90b-5a1cc9b758ae/arctic_ocean.png__64x64_q85_crop_subsampling-2_upscale.jpg",
        "modified": "2018-07-03T12:31:17.624Z",
        "source": 1
    }
},
{
    "model": "easy_thumbnails.thumbnail",
    "pk": 5,
    "fields": {
        "storage_hash": "f9bde26a1556cd667f742bd34ec7c55e",
        "name": "filer_public_thumbnails/filer_public/b8/fe/b8feffdf-e63f-4160-a90b-5a1cc9b758ae/arctic_ocean.png__180x180_q85_crop_subsampling-2_upscale.jpg",
        "modified": "2018-07-03T12:31:17.640Z",
        "source": 1
    }
},
{
    "model": "easy_thumbnails.thumbnail",
    "pk": 6,
    "fields": {
        "storage_hash": "f9bde26a1556cd667f742bd34ec7c55e",
        "name": "filer_public_thumbnails/filer_public/46/26/4626b447-95a0-44a8-abd2-fc833435b441/mercator_north_pole_1595.jpg__16x16_q85_crop_subsampling-2_upscale.jpg",
        "modified": "2018-07-03T12:31:24.956Z",
        "source": 2
    }
},
{
    "model": "easy_thumbnails.thumbnail",
    "pk": 7,
    "fields": {
        "storage_hash": "f9bde26a1556cd667f742bd34ec7c55e",
        "name": "filer_public_thumbnails/filer_public/46/26/4626b447-95a0-44a8-abd2-fc833435b441/mercator_north_pole_1595.jpg__32x32_q85_crop_subsampling-2_upscale.jpg",
        "modified": "2018-07-03T12:31:24.986Z",
        "source": 2
    }
},
{
    "model": "easy_thumbnails.thumbnail",
    "pk": 8,
    "fields": {
        "storage_hash": "f9bde26a1556cd667f742bd34ec7c55e",
        "name": "filer_public_thumbnails/filer_public/46/26/4626b447-95a0-44a8-abd2-fc833435b441/mercator_north_pole_1595.jpg__48x48_q85_crop_subsampling-2_upscale.jpg",
        "modified": "2018-07-03T12:31:25.008Z",
        "source": 2
    }
},
{
    "model": "easy_thumbnails.thumbnail",
    "pk": 9,
    "fields": {
        "storage_hash": "f9bde26a1556cd667f742bd34ec7c55e",
        "name": "filer_public_thumbnails/filer_public/46/26/4626b447-95a0-44a8-abd2-fc833435b441/mercator_north_pole_1595.jpg__64x64_q85_crop_subsampling-2_upscale.jpg",
        "modified": "2018-07-03T12:31:25.031Z",
        "source": 2
    }
},
{
    "model": "easy_thumbnails.thumbnail",
    "pk": 10,
    "fields": {
        "storage_hash": "f9bde26a1556cd667f742bd34ec7c55e",
        "name": "filer_public_thumbnails/filer_public/46/26/4626b447-95a0-44a8-abd2-fc833435b441/mercator_north_pole_1595.jpg__180x180_q85_crop_subsampling-2_upscale.jpg",
        "modified": "2018-07-03T12:31:25.063Z",
        "source": 2
    }
},
{
    "model": "easy_thumbnails.thumbnail",
    "pk": 11,
    "fields": {
        "storage_hash": "f9bde26a1556cd667f742bd34ec7c55e",
        "name": "filer_public_thumbnails/filer_public/83/67/8367547b-d331-4e88-93e8-df80bf03eecc/pole-south.gif__16x16_q85_crop_subsampling-2_upscale.png",
        "modified": "2018-07-03T12:31:27.254Z",
        "source": 3
    }
},
{
    "model": "easy_thumbnails.thumbnail",
    "pk": 12,
    "fields": {
        "storage_hash": "f9bde26a1556cd667f742bd34ec7c55e",
        "name": "filer_public_thumbnails/filer_public/83/67/8367547b-d331-4e88-93e8-df80bf03eecc/pole-south.gif__32x32_q85_crop_subsampling-2_upscale.png",
        "modified": "2018-07-03T12:31:27.261Z",
        "source": 3
    }
},
{
    "model": "easy_thumbnails.thumbnail",
    "pk": 13,
    "fields": {
        "storage_hash": "f9bde26a1556cd667f742bd34ec7c55e",
        "name": "filer_public_thumbnails/filer_public/83/67/8367547b-d331-4e88-93e8-df80bf03eecc/pole-south.gif__48x48_q85_crop_subsampling-2_upscale.png",
        "modified": "2018-07-03T12:31:27.268Z",
        "source": 3
    }
},
{
    "model": "easy_thumbnails.thumbnail",
    "pk": 14,
    "fields": {
        "storage_hash": "f9bde26a1556cd667f742bd34ec7c55e",
        "name": "filer_public_thumbnails/filer_public/83/67/8367547b-d331-4e88-93e8-df80bf03eecc/pole-south.gif__64x64_q85_crop_subsampling-2_upscale.png",
        "modified": "2018-07-03T12:31:27.276Z",
        "source": 3
    }
},
{
    "model": "easy_thumbnails.thumbnail",
    "pk": 15,
    "fields": {
        "storage_hash": "f9bde26a1556cd667f742bd34ec7c55e",
        "name": "filer_public_thumbnails/filer_public/83/67/8367547b-d331-4e88-93e8-df80bf03eecc/pole-south.gif__180x180_q85_crop_subsampling-2_upscale.png",
        "modified": "2018-07-03T12:31:27.295Z",
        "source": 3
    }
},
{
    "model": "easy_thumbnails.thumbnail",
    "pk": 16,
    "fields": {
        "storage_hash": "f9bde26a1556cd667f742bd34ec7c55e",
        "name": "filer_public_thumbnails/filer_public/cc/d1/ccd1570b-1adb-4240-b4f5-fba7626613bc/660px-antarctica_6400px_from_blue_marble.jpg__16x16_q85_crop_subsampling-2_upscale.jpg",
        "modified": "2018-07-03T12:31:33.844Z",
        "source": 4
    }
},
{
    "model": "easy_thumbnails.thumbnail",
    "pk": 17,
    "fields": {
        "storage_hash": "f9bde26a1556cd667f742bd34ec7c55e",
        "name": "filer_public_thumbnails/filer_public/cc/d1/ccd1570b-1adb-4240-b4f5-fba7626613bc/660px-antarctica_6400px_from_blue_marble.jpg__32x32_q85_crop_subsampling-2_upscale.jpg",
        "modified": "2018-07-03T12:31:33.869Z",
        "source": 4
    }
},
{
    "model": "easy_thumbnails.thumbnail",
    "pk": 18,
    "fields": {
        "storage_hash": "f9bde26a1556cd667f742bd34ec7c55e",
        "name": "filer_public_thumbnails/filer_public/cc/d1/ccd1570b-1adb-4240-b4f5-fba7626613bc/660px-antarctica_6400px_from_blue_marble.jpg__48x48_q85_crop_subsampling-2_upscale.jpg",
        "modified": "2018-07-03T12:31:33.893Z",
        "source": 4
    }
},
{
    "model": "easy_thumbnails.thumbnail",
    "pk": 19,
    "fields": {
        "storage_hash": "f9bde26a1556cd667f742bd34ec7c55e",
        "name": "filer_public_thumbnails/filer_public/cc/d1/ccd1570b-1adb-4240-b4f5-fba7626613bc/660px-antarctica_6400px_from_blue_marble.jpg__64x64_q85_crop_subsampling-2_upscale.jpg",
        "modified": "2018-07-03T12:31:33.921Z",
        "source": 4
    }
},
{
    "model": "easy_thumbnails.thumbnail",
    "pk": 20,
    "fields": {
        "storage_hash": "f9bde26a1556cd667f742bd34ec7c55e",
        "name": "filer_public_thumbnails/filer_public/cc/d1/ccd1570b-1adb-4240-b4f5-fba7626613bc/660px-antarctica_6400px_from_blue_marble.jpg__180x180_q85_crop_subsampling-2_upscale.jpg",
        "modified": "2018-07-03T12:31:33.957Z",
        "source": 4
    }
},
{
    "model": "easy_thumbnails.thumbnail",
    "pk": 21,
    "fields": {
        "storage_hash": "f9bde26a1556cd667f742bd34ec7c55e",
        "name": "filer_public_thumbnails/filer_public/cc/d1/ccd1570b-1adb-4240-b4f5-fba7626613bc/660px-antarctica_6400px_from_blue_marble.jpg__210x0_q85_subsampling-2_upscale.jpg",
        "modified": "2018-07-03T12:31:39.584Z",
        "source": 4
    }
},
{
    "model": "easy_thumbnails.thumbnail",
    "pk": 22,
    "fields": {
        "storage_hash": "f9bde26a1556cd667f742bd34ec7c55e",
        "name": "filer_public_thumbnails/filer_public/cc/d1/ccd1570b-1adb-4240-b4f5-fba7626613bc/660px-antarctica_6400px_from_blue_marble.jpg__16x16_q85_crop_subject_location-330,330_subsampling-2_upscale.jpg",
        "modified": "2018-07-05T08:20:25.149Z",
        "source": 4
    }
},
{
    "model": "easy_thumbnails.thumbnail",
    "pk": 23,
    "fields": {
        "storage_hash": "f9bde26a1556cd667f742bd34ec7c55e",
        "name": "filer_public_thumbnails/filer_public/cc/d1/ccd1570b-1adb-4240-b4f5-fba7626613bc/660px-antarctica_6400px_from_blue_marble.jpg__32x32_q85_crop_subject_location-330,330_subsampling-2_upscale.jpg",
        "modified": "2018-07-05T08:20:25.170Z",
        "source": 4
    }
},
{
    "model": "easy_thumbnails.thumbnail",
    "pk": 24,
    "fields": {
        "storage_hash": "f9bde26a1556cd667f742bd34ec7c55e",
        "name": "filer_public_thumbnails/filer_public/cc/d1/ccd1570b-1adb-4240-b4f5-fba7626613bc/660px-antarctica_6400px_from_blue_marble.jpg__48x48_q85_crop_subject_location-330,330_subsampling-2_upscale.jpg",
        "modified": "2018-07-05T08:20:25.196Z",
        "source": 4
    }
},
{
    "model": "easy_thumbnails.thumbnail",
    "pk": 25,
    "fields": {
        "storage_hash": "f9bde26a1556cd667f742bd34ec7c55e",
        "name": "filer_public_thumbnails/filer_public/cc/d1/ccd1570b-1adb-4240-b4f5-fba7626613bc/660px-antarctica_6400px_from_blue_marble.jpg__64x64_q85_crop_subject_location-330,330_subsampling-2_upscale.jpg",
        "modified": "2018-07-05T08:20:25.224Z",
        "source": 4
    }
},
{
    "model": "easy_thumbnails.thumbnail",
    "pk": 26,
    "fields": {
        "storage_hash": "f9bde26a1556cd667f742bd34ec7c55e",
        "name": "filer_public_thumbnails/filer_public/46/26/4626b447-95a0-44a8-abd2-fc833435b441/mercator_north_pole_1595.jpg__210x0_q85_subsampling-2_upscale.jpg",
        "modified": "2018-07-03T12:31:53.199Z",
        "source": 2
    }
},
{
    "model": "easy_thumbnails.thumbnail",
    "pk": 27,
    "fields": {
        "storage_hash": "f9bde26a1556cd667f742bd34ec7c55e",
        "name": "filer_public_thumbnails/filer_public/46/26/4626b447-95a0-44a8-abd2-fc833435b441/mercator_north_pole_1595.jpg__16x16_q85_crop_subject_location-0,0_subsampling-2_upscale.jpg",
        "modified": "2018-07-05T08:20:20.655Z",
        "source": 2
    }
},
{
    "model": "easy_thumbnails.thumbnail",
    "pk": 28,
    "fields": {
        "storage_hash": "f9bde26a1556cd667f742bd34ec7c55e",
        "name": "filer_public_thumbnails/filer_public/46/26/4626b447-95a0-44a8-abd2-fc833435b441/mercator_north_pole_1595.jpg__32x32_q85_crop_subject_location-0,0_subsampling-2_upscale.jpg",
        "modified": "2018-07-05T08:20:20.687Z",
        "source": 2
    }
},
{
    "model": "easy_thumbnails.thumbnail",
    "pk": 29,
    "fields": {
        "storage_hash": "f9bde26a1556cd667f742bd34ec7c55e",
        "name": "filer_public_thumbnails/filer_public/46/26/4626b447-95a0-44a8-abd2-fc833435b441/mercator_north_pole_1595.jpg__48x48_q85_crop_subject_location-0,0_subsampling-2_upscale.jpg",
        "modified": "2018-07-05T08:20:20.715Z",
        "source": 2
    }
},
{
    "model": "easy_thumbnails.thumbnail",
    "pk": 30,
    "fields": {
        "storage_hash": "f9bde26a1556cd667f742bd34ec7c55e",
        "name": "filer_public_thumbnails/filer_public/46/26/4626b447-95a0-44a8-abd2-fc833435b441/mercator_north_pole_1595.jpg__64x64_q85_crop_subject_location-0,0_subsampling-2_upscale.jpg",
        "modified": "2018-07-05T08:20:20.753Z",
        "source": 2
    }
},
{
    "model": "easy_thumbnails.thumbnail",
    "pk": 31,
    "fields": {
        "storage_hash": "f9bde26a1556cd667f742bd34ec7c55e",
        "name": "filer_public_thumbnails/filer_public/83/67/8367547b-d331-4e88-93e8-df80bf03eecc/pole-south.gif__210x0_q85_subsampling-2_upscale.png",
        "modified": "2018-07-03T12:32:04.605Z",
        "source": 3
    }
},
{
    "model": "easy_thumbnails.thumbnail",
    "pk": 32,
    "fields": {
        "storage_hash": "f9bde26a1556cd667f742bd34ec7c55e",
        "name": "filer_public_thumbnails/filer_public/83/67/8367547b-d331-4e88-93e8-df80bf03eecc/pole-south.gif__16x16_q85_crop_subject_location-165,165_subsampling-2_upscale.png",
        "modified": "2018-07-03T12:32:14.265Z",
        "source": 3
    }
},
{
    "model": "easy_thumbnails.thumbnail",
    "pk": 33,
    "fields": {
        "storage_hash": "f9bde26a1556cd667f742bd34ec7c55e",
        "name": "filer_public_thumbnails/filer_public/83/67/8367547b-d331-4e88-93e8-df80bf03eecc/pole-south.gif__32x32_q85_crop_subject_location-165,165_subsampling-2_upscale.png",
        "modified": "2018-07-03T12:32:14.273Z",
        "source": 3
    }
},
{
    "model": "easy_thumbnails.thumbnail",
    "pk": 34,
    "fields": {
        "storage_hash": "f9bde26a1556cd667f742bd34ec7c55e",
        "name": "filer_public_thumbnails/filer_public/83/67/8367547b-d331-4e88-93e8-df80bf03eecc/pole-south.gif__48x48_q85_crop_subject_location-165,165_subsampling-2_upscale.png",
        "modified": "2018-07-03T12:32:14.280Z",
        "source": 3
    }
},
{
    "model": "easy_thumbnails.thumbnail",
    "pk": 35,
    "fields": {
        "storage_hash": "f9bde26a1556cd667f742bd34ec7c55e",
        "name": "filer_public_thumbnails/filer_public/83/67/8367547b-d331-4e88-93e8-df80bf03eecc/pole-south.gif__64x64_q85_crop_subject_location-165,165_subsampling-2_upscale.png",
        "modified": "2018-07-03T12:32:14.288Z",
        "source": 3
    }
},
{
    "model": "easy_thumbnails.thumbnail",
    "pk": 36,
    "fields": {
        "storage_hash": "f9bde26a1556cd667f742bd34ec7c55e",
        "name": "filer_public_thumbnails/filer_public/46/26/4626b447-95a0-44a8-abd2-fc833435b441/mercator_north_pole_1595.jpg__210x0_q85_subject_location-0,0_subsampling-2_upscale.jpg",
        "modified": "2018-07-03T12:32:17.191Z",
        "source": 2
    }
},
{
    "model": "easy_thumbnails.thumbnail",
    "pk": 37,
    "fields": {
        "storage_hash": "f9bde26a1556cd667f742bd34ec7c55e",
        "name": "filer_public_thumbnails/filer_public/b8/fe/b8feffdf-e63f-4160-a90b-5a1cc9b758ae/arctic_ocean.png__210x0_q85_subsampling-2_upscale.jpg",
        "modified": "2018-07-03T12:32:20.894Z",
        "source": 1
    }
},
{
    "model": "easy_thumbnails.thumbnail",
    "pk": 38,
    "fields": {
        "storage_hash": "f9bde26a1556cd667f742bd34ec7c55e",
        "name": "filer_public_thumbnails/filer_public/b8/fe/b8feffdf-e63f-4160-a90b-5a1cc9b758ae/arctic_ocean.png__16x16_q85_crop_subject_location-165,165_subsampling-2_upscale.jpg",
        "modified": "2018-07-05T08:19:57.193Z",
        "source": 1
    }
},
{
    "model": "easy_thumbnails.thumbnail",
    "pk": 39,
    "fields": {
        "storage_hash": "f9bde26a1556cd667f742bd34ec7c55e",
        "name": "filer_public_thumbnails/filer_public/b8/fe/b8feffdf-e63f-4160-a90b-5a1cc9b758ae/arctic_ocean.png__32x32_q85_crop_subject_location-165,165_subsampling-2_upscale.jpg",
        "modified": "2018-07-05T08:19:57.203Z",
        "source": 1
    }
},
{
    "model": "easy_thumbnails.thumbnail",
    "pk": 40,
    "fields": {
        "storage_hash": "f9bde26a1556cd667f742bd34ec7c55e",
        "name": "filer_public_thumbnails/filer_public/b8/fe/b8feffdf-e63f-4160-a90b-5a1cc9b758ae/arctic_ocean.png__48x48_q85_crop_subject_location-165,165_subsampling-2_upscale.jpg",
        "modified": "2018-07-05T08:19:57.210Z",
        "source": 1
    }
},
{
    "model": "easy_thumbnails.thumbnail",
    "pk": 41,
    "fields": {
        "storage_hash": "f9bde26a1556cd667f742bd34ec7c55e",
        "name": "filer_public_thumbnails/filer_public/b8/fe/b8feffdf-e63f-4160-a90b-5a1cc9b758ae/arctic_ocean.png__64x64_q85_crop_subject_location-165,165_subsampling-2_upscale.jpg",
        "modified": "2018-07-05T08:19:57.219Z",
        "source": 1
    }
},
{
    "model": "easy_thumbnails.thumbnail",
    "pk": 42,
    "fields": {
        "storage_hash": "f9bde26a1556cd667f742bd34ec7c55e",
        "name": "filer_public_thumbnails/filer_public/b8/fe/b8feffdf-e63f-4160-a90b-5a1cc9b758ae/arctic_ocean.png__329x330_q85_subject_location-165,165_subsampling-2.jpg",
        "modified": "2018-09-07T13:05:45.127Z",
        "source": 1
    }
},
{
    "model": "easy_thumbnails.thumbnail",
    "pk": 43,
    "fields": {
        "storage_hash": "f9bde26a1556cd667f742bd34ec7c55e",
        "name": "filer_public_thumbnails/filer_public/46/26/4626b447-95a0-44a8-abd2-fc833435b441/mercator_north_pole_1595.jpg__600x567_q85_subject_location-0,0_subsampling-2.jpg",
        "modified": "2018-09-07T13:05:45.087Z",
        "source": 2
    }
},
{
    "model": "easy_thumbnails.thumbnail",
    "pk": 44,
    "fields": {
        "storage_hash": "f9bde26a1556cd667f742bd34ec7c55e",
        "name": "filer_public_thumbnails/filer_public/83/67/8367547b-d331-4e88-93e8-df80bf03eecc/pole-south.gif__330x330_q85_subject_location-165,165_subsampling-2.png",
        "modified": "2018-09-07T13:05:45.164Z",
        "source": 3
    }
},
{
    "model": "easy_thumbnails.thumbnail",
    "pk": 45,
    "fields": {
        "storage_hash": "f9bde26a1556cd667f742bd34ec7c55e",
        "name": "filer_public_thumbnails/filer_public/cc/d1/ccd1570b-1adb-4240-b4f5-fba7626613bc/660px-antarctica_6400px_from_blue_marble.jpg__660x660_q85_subject_location-330,330_subsampling-2.jpg",
        "modified": "2018-09-07T13:05:45.247Z",
        "source": 4
    }
},
{
    "model": "djangocms_style.style",
    "pk": 153,
    "fields": {
        "template": "default",
        "label": "",
        "tag_type": "div",
        "class_name": "",
        "additional_classes": "text-center",
        "id_name": "",
        "attributes": {},
        "padding_top": null,
        "padding_right": null,
        "padding_bottom": null,
        "padding_left": null,
        "margin_top": null,
        "margin_right": null,
        "margin_bottom": null,
        "margin_left": null
    }
},
{
    "model": "djangocms_style.style",
    "pk": 180,
    "fields": {
        "template": "default",
        "label": "",
        "tag_type": "section",
        "class_name": "",
        "additional_classes": "bg-light",
        "id_name": "",
        "attributes": {},
        "padding_top": null,
        "padding_right": null,
        "padding_bottom": null,
        "padding_left": null,
        "margin_top": null,
        "margin_right": null,
        "margin_bottom": null,
        "margin_left": null
    }
},
{
    "model": "djangocms_style.style",
    "pk": 181,
    "fields": {
        "template": "default",
        "label": "",
        "tag_type": "div",
        "class_name": "container",
        "additional_classes": "",
        "id_name": "",
        "attributes": {},
        "padding_top": null,
        "padding_right": null,
        "padding_bottom": null,
        "padding_left": null,
        "margin_top": null,
        "margin_right": null,
        "margin_bottom": null,
        "margin_left": null
    }
},
{
    "model": "djangocms_style.style",
    "pk": 207,
    "fields": {
        "template": "default",
        "label": "",
        "tag_type": "div",
        "class_name": "",
        "additional_classes": "intro-text",
        "id_name": "",
        "attributes": {},
        "padding_top": null,
        "padding_right": null,
        "padding_bottom": null,
        "padding_left": null,
        "margin_top": null,
        "margin_right": null,
        "margin_bottom": null,
        "margin_left": null
    }
},
{
    "model": "djangocms_style.style",
    "pk": 209,
    "fields": {
        "template": "default",
        "label": "",
        "tag_type": "div",
        "class_name": "",
        "additional_classes": "text-center",
        "id_name": "",
        "attributes": {},
        "padding_top": null,
        "padding_right": null,
        "padding_bottom": null,
        "padding_left": null,
        "margin_top": null,
        "margin_right": null,
        "margin_bottom": null,
        "margin_left": null
    }
},
{
    "model": "djangocms_style.style",
    "pk": 222,
    "fields": {
        "template": "default",
        "label": "",
        "tag_type": "section",
        "class_name": "",
        "additional_classes": "bg-light",
        "id_name": "",
        "attributes": {},
        "padding_top": null,
        "padding_right": null,
        "padding_bottom": null,
        "padding_left": null,
        "margin_top": null,
        "margin_right": null,
        "margin_bottom": null,
        "margin_left": null
    }
},
{
    "model": "djangocms_style.style",
    "pk": 223,
    "fields": {
        "template": "default",
        "label": "",
        "tag_type": "div",
        "class_name": "container",
        "additional_classes": "text-center",
        "id_name": "",
        "attributes": {},
        "padding_top": null,
        "padding_right": null,
        "padding_bottom": null,
        "padding_left": null,
        "margin_top": null,
        "margin_right": null,
        "margin_bottom": null,
        "margin_left": null
    }
},
{
    "model": "djangocms_style.style",
    "pk": 248,
    "fields": {
        "template": "default",
        "label": "",
        "tag_type": "div",
        "class_name": "",
        "additional_classes": "text-center",
        "id_name": "",
        "attributes": {},
        "padding_top": null,
        "padding_right": null,
        "padding_bottom": null,
        "padding_left": null,
        "margin_top": null,
        "margin_right": null,
        "margin_bottom": null,
        "margin_left": null
    }
},
{
    "model": "djangocms_style.style",
    "pk": 250,
    "fields": {
        "template": "default",
        "label": "",
        "tag_type": "section",
        "class_name": "",
        "additional_classes": "bg-light",
        "id_name": "",
        "attributes": {},
        "padding_top": null,
        "padding_right": null,
        "padding_bottom": null,
        "padding_left": null,
        "margin_top": null,
        "margin_right": null,
        "margin_bottom": null,
        "margin_left": null
    }
},
{
    "model": "djangocms_style.style",
    "pk": 251,
    "fields": {
        "template": "default",
        "label": "",
        "tag_type": "div",
        "class_name": "container",
        "additional_classes": "text-center",
        "id_name": "",
        "attributes": {},
        "padding_top": null,
        "padding_right": null,
        "padding_bottom": null,
        "padding_left": null,
        "margin_top": null,
        "margin_right": null,
        "margin_bottom": null,
        "margin_left": null
    }
},
{
    "model": "djangocms_style.style",
    "pk": 285,
    "fields": {
        "template": "default",
        "label": "",
        "tag_type": "div",
        "class_name": "",
        "additional_classes": "text-center",
        "id_name": "",
        "attributes": {},
        "padding_top": null,
        "padding_right": null,
        "padding_bottom": null,
        "padding_left": null,
        "margin_top": null,
        "margin_right": null,
        "margin_bottom": null,
        "margin_left": null
    }
},
{
    "model": "djangocms_style.style",
    "pk": 287,
    "fields": {
        "template": "default",
        "label": "",
        "tag_type": "div",
        "class_name": "",
        "additional_classes": "text-center",
        "id_name": "",
        "attributes": {},
        "padding_top": null,
        "padding_right": null,
        "padding_bottom": null,
        "padding_left": null,
        "margin_top": null,
        "margin_right": null,
        "margin_bottom": null,
        "margin_left": null
    }
},
{
    "model": "djangocms_style.style",
    "pk": 289,
    "fields": {
        "template": "default",
        "label": "",
        "tag_type": "div",
        "class_name": "",
        "additional_classes": "text-center",
        "id_name": "",
        "attributes": {},
        "padding_top": null,
        "padding_right": null,
        "padding_bottom": null,
        "padding_left": null,
        "margin_top": null,
        "margin_right": null,
        "margin_bottom": null,
        "margin_left": null
    }
},
{
    "model": "djangocms_style.style",
    "pk": 291,
    "fields": {
        "template": "default",
        "label": "",
        "tag_type": "div",
        "class_name": "",
        "additional_classes": "text-center",
        "id_name": "",
        "attributes": {},
        "padding_top": null,
        "padding_right": null,
        "padding_bottom": null,
        "padding_left": null,
        "margin_top": null,
        "margin_right": null,
        "margin_bottom": null,
        "margin_left": null
    }
},
{
    "model": "djangocms_style.style",
    "pk": 293,
    "fields": {
        "template": "default",
        "label": "",
        "tag_type": "div",
        "class_name": "",
        "additional_classes": "text-center",
        "id_name": "",
        "attributes": {},
        "padding_top": null,
        "padding_right": null,
        "padding_bottom": null,
        "padding_left": null,
        "margin_top": null,
        "margin_right": null,
        "margin_bottom": null,
        "margin_left": null
    }
},
{
    "model": "djangocms_style.style",
    "pk": 318,
    "fields": {
        "template": "default",
        "label": "",
        "tag_type": "div",
        "class_name": "",
        "additional_classes": "text-center",
        "id_name": "",
        "attributes": {},
        "padding_top": null,
        "padding_right": null,
        "padding_bottom": null,
        "padding_left": null,
        "margin_top": null,
        "margin_right": null,
        "margin_bottom": null,
        "margin_left": null
    }
},
{
    "model": "djangocms_style.style",
    "pk": 330,
    "fields": {
        "template": "default",
        "label": "",
        "tag_type": "div",
        "class_name": "",
        "additional_classes": "intro-text",
        "id_name": "",
        "attributes": {},
        "padding_top": null,
        "padding_right": null,
        "padding_bottom": null,
        "padding_left": null,
        "margin_top": null,
        "margin_right": null,
        "margin_bottom": null,
        "margin_left": null
    }
},
{
    "model": "djangocms_style.style",
    "pk": 332,
    "fields": {
        "template": "default",
        "label": "",
        "tag_type": "section",
        "class_name": "",
        "additional_classes": "bg-light",
        "id_name": "",
        "attributes": {},
        "padding_top": null,
        "padding_right": null,
        "padding_bottom": null,
        "padding_left": null,
        "margin_top": null,
        "margin_right": null,
        "margin_bottom": null,
        "margin_left": null
    }
},
{
    "model": "djangocms_style.style",
    "pk": 333,
    "fields": {
        "template": "default",
        "label": "",
        "tag_type": "div",
        "class_name": "container",
        "additional_classes": "",
        "id_name": "",
        "attributes": {},
        "padding_top": null,
        "padding_right": null,
        "padding_bottom": null,
        "padding_left": null,
        "margin_top": null,
        "margin_right": null,
        "margin_bottom": null,
        "margin_left": null
    }
},
{
    "model": "bootstrap4_grid.bootstrap4gridrow",
    "pk": 89,
    "fields": {
        "vertical_alignment": "",
        "horizontal_alignment": "",
        "gutters": false,
        "tag_type": "div",
        "attributes": {}
    }
},
{
    "model": "bootstrap4_grid.bootstrap4gridrow",
    "pk": 148,
    "fields": {
        "vertical_alignment": "",
        "horizontal_alignment": "",
        "gutters": false,
        "tag_type": "div",
        "attributes": {}
    }
},
{
    "model": "bootstrap4_grid.bootstrap4gridrow",
    "pk": 173,
    "fields": {
        "vertical_alignment": "",
        "horizontal_alignment": "",
        "gutters": false,
        "tag_type": "div",
        "attributes": {}
    }
},
{
    "model": "bootstrap4_grid.bootstrap4gridrow",
    "pk": 252,
    "fields": {
        "vertical_alignment": "",
        "horizontal_alignment": "",
        "gutters": false,
        "tag_type": "div",
        "attributes": {}
    }
},
{
    "model": "bootstrap4_grid.bootstrap4gridrow",
    "pk": 320,
    "fields": {
        "vertical_alignment": "",
        "horizontal_alignment": "",
        "gutters": false,
        "tag_type": "div",
        "attributes": {}
    }
},
{
    "model": "bootstrap4_grid.bootstrap4gridrow",
    "pk": 334,
    "fields": {
        "vertical_alignment": "",
        "horizontal_alignment": "",
        "gutters": false,
        "tag_type": "div",
        "attributes": {}
    }
},
{
    "model": "bootstrap4_grid.bootstrap4gridcolumn",
    "pk": 90,
    "fields": {
        "column_type": "col",
        "column_alignment": "",
        "tag_type": "div",
        "attributes": {},
        "xs_col": 12,
        "xs_order": null,
        "xs_offset": null,
        "xs_ml": false,
        "xs_mr": false,
        "sm_col": 6,
        "sm_order": null,
        "sm_offset": null,
        "sm_ml": false,
        "sm_mr": false,
        "md_col": 3,
        "md_order": null,
        "md_offset": null,
        "md_ml": false,
        "md_mr": false,
        "lg_col": null,
        "lg_order": null,
        "lg_offset": null,
        "lg_ml": false,
        "lg_mr": false,
        "xl_col": null,
        "xl_order": null,
        "xl_offset": null,
        "xl_ml": false,
        "xl_mr": false
    }
},
{
    "model": "bootstrap4_grid.bootstrap4gridcolumn",
    "pk": 92,
    "fields": {
        "column_type": "col",
        "column_alignment": "",
        "tag_type": "div",
        "attributes": {},
        "xs_col": 12,
        "xs_order": null,
        "xs_offset": null,
        "xs_ml": false,
        "xs_mr": false,
        "sm_col": 6,
        "sm_order": null,
        "sm_offset": null,
        "sm_ml": false,
        "sm_mr": false,
        "md_col": 3,
        "md_order": null,
        "md_offset": null,
        "md_ml": false,
        "md_mr": false,
        "lg_col": null,
        "lg_order": null,
        "lg_offset": null,
        "lg_ml": false,
        "lg_mr": false,
        "xl_col": null,
        "xl_order": null,
        "xl_offset": null,
        "xl_ml": false,
        "xl_mr": false
    }
},
{
    "model": "bootstrap4_grid.bootstrap4gridcolumn",
    "pk": 93,
    "fields": {
        "column_type": "col",
        "column_alignment": "",
        "tag_type": "div",
        "attributes": {},
        "xs_col": 12,
        "xs_order": null,
        "xs_offset": null,
        "xs_ml": false,
        "xs_mr": false,
        "sm_col": 6,
        "sm_order": null,
        "sm_offset": null,
        "sm_ml": false,
        "sm_mr": false,
        "md_col": 3,
        "md_order": null,
        "md_offset": null,
        "md_ml": false,
        "md_mr": false,
        "lg_col": null,
        "lg_order": null,
        "lg_offset": null,
        "lg_ml": false,
        "lg_mr": false,
        "xl_col": null,
        "xl_order": null,
        "xl_offset": null,
        "xl_ml": false,
        "xl_mr": false
    }
},
{
    "model": "bootstrap4_grid.bootstrap4gridcolumn",
    "pk": 94,
    "fields": {
        "column_type": "col",
        "column_alignment": "",
        "tag_type": "div",
        "attributes": {},
        "xs_col": 12,
        "xs_order": null,
        "xs_offset": null,
        "xs_ml": false,
        "xs_mr": false,
        "sm_col": 6,
        "sm_order": null,
        "sm_offset": null,
        "sm_ml": false,
        "sm_mr": false,
        "md_col": 3,
        "md_order": null,
        "md_offset": null,
        "md_ml": false,
        "md_mr": false,
        "lg_col": null,
        "lg_order": null,
        "lg_offset": null,
        "lg_ml": false,
        "lg_mr": false,
        "xl_col": null,
        "xl_order": null,
        "xl_offset": null,
        "xl_ml": false,
        "xl_mr": false
    }
},
{
    "model": "bootstrap4_grid.bootstrap4gridcolumn",
    "pk": 149,
    "fields": {
        "column_type": "col",
        "column_alignment": "",
        "tag_type": "div",
        "attributes": {
            "class": "text-center"
        },
        "xs_col": 6,
        "xs_order": null,
        "xs_offset": null,
        "xs_ml": false,
        "xs_mr": false,
        "sm_col": null,
        "sm_order": null,
        "sm_offset": null,
        "sm_ml": false,
        "sm_mr": false,
        "md_col": 4,
        "md_order": null,
        "md_offset": null,
        "md_ml": false,
        "md_mr": false,
        "lg_col": null,
        "lg_order": null,
        "lg_offset": null,
        "lg_ml": false,
        "lg_mr": false,
        "xl_col": null,
        "xl_order": null,
        "xl_offset": null,
        "xl_ml": false,
        "xl_mr": false
    }
},
{
    "model": "bootstrap4_grid.bootstrap4gridcolumn",
    "pk": 157,
    "fields": {
        "column_type": "col",
        "column_alignment": "",
        "tag_type": "div",
        "attributes": {
            "class": "text-center"
        },
        "xs_col": 6,
        "xs_order": null,
        "xs_offset": null,
        "xs_ml": false,
        "xs_mr": false,
        "sm_col": null,
        "sm_order": null,
        "sm_offset": null,
        "sm_ml": false,
        "sm_mr": false,
        "md_col": 4,
        "md_order": null,
        "md_offset": null,
        "md_ml": false,
        "md_mr": false,
        "lg_col": null,
        "lg_order": null,
        "lg_offset": null,
        "lg_ml": false,
        "lg_mr": false,
        "xl_col": null,
        "xl_order": null,
        "xl_offset": null,
        "xl_ml": false,
        "xl_mr": false
    }
},
{
    "model": "bootstrap4_grid.bootstrap4gridcolumn",
    "pk": 159,
    "fields": {
        "column_type": "col",
        "column_alignment": "",
        "tag_type": "div",
        "attributes": {
            "class": "text-center"
        },
        "xs_col": 6,
        "xs_order": null,
        "xs_offset": null,
        "xs_ml": false,
        "xs_mr": false,
        "sm_col": null,
        "sm_order": null,
        "sm_offset": null,
        "sm_ml": false,
        "sm_mr": false,
        "md_col": 4,
        "md_order": null,
        "md_offset": null,
        "md_ml": false,
        "md_mr": false,
        "lg_col": null,
        "lg_order": null,
        "lg_offset": null,
        "lg_ml": false,
        "lg_mr": false,
        "xl_col": null,
        "xl_order": null,
        "xl_offset": null,
        "xl_ml": false,
        "xl_mr": false
    }
},
{
    "model": "bootstrap4_grid.bootstrap4gridcolumn",
    "pk": 174,
    "fields": {
        "column_type": "col",
        "column_alignment": "",
        "tag_type": "div",
        "attributes": {
            "class": "text-center"
        },
        "xs_col": 6,
        "xs_order": null,
        "xs_offset": null,
        "xs_ml": false,
        "xs_mr": false,
        "sm_col": null,
        "sm_order": null,
        "sm_offset": null,
        "sm_ml": false,
        "sm_mr": false,
        "md_col": 4,
        "md_order": null,
        "md_offset": null,
        "md_ml": false,
        "md_mr": false,
        "lg_col": null,
        "lg_order": null,
        "lg_offset": null,
        "lg_ml": false,
        "lg_mr": false,
        "xl_col": null,
        "xl_order": null,
        "xl_offset": null,
        "xl_ml": false,
        "xl_mr": false
    }
},
{
    "model": "bootstrap4_grid.bootstrap4gridcolumn",
    "pk": 176,
    "fields": {
        "column_type": "col",
        "column_alignment": "",
        "tag_type": "div",
        "attributes": {
            "class": "text-center"
        },
        "xs_col": 6,
        "xs_order": null,
        "xs_offset": null,
        "xs_ml": false,
        "xs_mr": false,
        "sm_col": null,
        "sm_order": null,
        "sm_offset": null,
        "sm_ml": false,
        "sm_mr": false,
        "md_col": 4,
        "md_order": null,
        "md_offset": null,
        "md_ml": false,
        "md_mr": false,
        "lg_col": null,
        "lg_order": null,
        "lg_offset": null,
        "lg_ml": false,
        "lg_mr": false,
        "xl_col": null,
        "xl_order": null,
        "xl_offset": null,
        "xl_ml": false,
        "xl_mr": false
    }
},
{
    "model": "bootstrap4_grid.bootstrap4gridcolumn",
    "pk": 178,
    "fields": {
        "column_type": "col",
        "column_alignment": "",
        "tag_type": "div",
        "attributes": {
            "class": "text-center"
        },
        "xs_col": 6,
        "xs_order": null,
        "xs_offset": null,
        "xs_ml": false,
        "xs_mr": false,
        "sm_col": null,
        "sm_order": null,
        "sm_offset": null,
        "sm_ml": false,
        "sm_mr": false,
        "md_col": 4,
        "md_order": null,
        "md_offset": null,
        "md_ml": false,
        "md_mr": false,
        "lg_col": null,
        "lg_order": null,
        "lg_offset": null,
        "lg_ml": false,
        "lg_mr": false,
        "xl_col": null,
        "xl_order": null,
        "xl_offset": null,
        "xl_ml": false,
        "xl_mr": false
    }
},
{
    "model": "bootstrap4_grid.bootstrap4gridcolumn",
    "pk": 253,
    "fields": {
        "column_type": "col",
        "column_alignment": "",
        "tag_type": "div",
        "attributes": {},
        "xs_col": 12,
        "xs_order": null,
        "xs_offset": null,
        "xs_ml": false,
        "xs_mr": false,
        "sm_col": 6,
        "sm_order": null,
        "sm_offset": null,
        "sm_ml": false,
        "sm_mr": false,
        "md_col": 3,
        "md_order": null,
        "md_offset": null,
        "md_ml": false,
        "md_mr": false,
        "lg_col": null,
        "lg_order": null,
        "lg_offset": null,
        "lg_ml": false,
        "lg_mr": false,
        "xl_col": null,
        "xl_order": null,
        "xl_offset": null,
        "xl_ml": false,
        "xl_mr": false
    }
},
{
    "model": "bootstrap4_grid.bootstrap4gridcolumn",
    "pk": 255,
    "fields": {
        "column_type": "col",
        "column_alignment": "",
        "tag_type": "div",
        "attributes": {},
        "xs_col": 12,
        "xs_order": null,
        "xs_offset": null,
        "xs_ml": false,
        "xs_mr": false,
        "sm_col": 6,
        "sm_order": null,
        "sm_offset": null,
        "sm_ml": false,
        "sm_mr": false,
        "md_col": 3,
        "md_order": null,
        "md_offset": null,
        "md_ml": false,
        "md_mr": false,
        "lg_col": null,
        "lg_order": null,
        "lg_offset": null,
        "lg_ml": false,
        "lg_mr": false,
        "xl_col": null,
        "xl_order": null,
        "xl_offset": null,
        "xl_ml": false,
        "xl_mr": false
    }
},
{
    "model": "bootstrap4_grid.bootstrap4gridcolumn",
    "pk": 257,
    "fields": {
        "column_type": "col",
        "column_alignment": "",
        "tag_type": "div",
        "attributes": {},
        "xs_col": 12,
        "xs_order": null,
        "xs_offset": null,
        "xs_ml": false,
        "xs_mr": false,
        "sm_col": 6,
        "sm_order": null,
        "sm_offset": null,
        "sm_ml": false,
        "sm_mr": false,
        "md_col": 3,
        "md_order": null,
        "md_offset": null,
        "md_ml": false,
        "md_mr": false,
        "lg_col": null,
        "lg_order": null,
        "lg_offset": null,
        "lg_ml": false,
        "lg_mr": false,
        "xl_col": null,
        "xl_order": null,
        "xl_offset": null,
        "xl_ml": false,
        "xl_mr": false
    }
},
{
    "model": "bootstrap4_grid.bootstrap4gridcolumn",
    "pk": 259,
    "fields": {
        "column_type": "col",
        "column_alignment": "",
        "tag_type": "div",
        "attributes": {},
        "xs_col": 12,
        "xs_order": null,
        "xs_offset": null,
        "xs_ml": false,
        "xs_mr": false,
        "sm_col": 6,
        "sm_order": null,
        "sm_offset": null,
        "sm_ml": false,
        "sm_mr": false,
        "md_col": 3,
        "md_order": null,
        "md_offset": null,
        "md_ml": false,
        "md_mr": false,
        "lg_col": null,
        "lg_order": null,
        "lg_offset": null,
        "lg_ml": false,
        "lg_mr": false,
        "xl_col": null,
        "xl_order": null,
        "xl_offset": null,
        "xl_ml": false,
        "xl_mr": false
    }
},
{
    "model": "bootstrap4_grid.bootstrap4gridcolumn",
    "pk": 321,
    "fields": {
        "column_type": "col",
        "column_alignment": "",
        "tag_type": "div",
        "attributes": {
            "class": "text-center"
        },
        "xs_col": 6,
        "xs_order": null,
        "xs_offset": null,
        "xs_ml": false,
        "xs_mr": false,
        "sm_col": null,
        "sm_order": null,
        "sm_offset": null,
        "sm_ml": false,
        "sm_mr": false,
        "md_col": 4,
        "md_order": null,
        "md_offset": null,
        "md_ml": false,
        "md_mr": false,
        "lg_col": null,
        "lg_order": null,
        "lg_offset": null,
        "lg_ml": false,
        "lg_mr": false,
        "xl_col": null,
        "xl_order": null,
        "xl_offset": null,
        "xl_ml": false,
        "xl_mr": false
    }
},
{
    "model": "bootstrap4_grid.bootstrap4gridcolumn",
    "pk": 324,
    "fields": {
        "column_type": "col",
        "column_alignment": "",
        "tag_type": "div",
        "attributes": {
            "class": "text-center"
        },
        "xs_col": 6,
        "xs_order": null,
        "xs_offset": null,
        "xs_ml": false,
        "xs_mr": false,
        "sm_col": null,
        "sm_order": null,
        "sm_offset": null,
        "sm_ml": false,
        "sm_mr": false,
        "md_col": 4,
        "md_order": null,
        "md_offset": null,
        "md_ml": false,
        "md_mr": false,
        "lg_col": null,
        "lg_order": null,
        "lg_offset": null,
        "lg_ml": false,
        "lg_mr": false,
        "xl_col": null,
        "xl_order": null,
        "xl_offset": null,
        "xl_ml": false,
        "xl_mr": false
    }
},
{
    "model": "bootstrap4_grid.bootstrap4gridcolumn",
    "pk": 327,
    "fields": {
        "column_type": "col",
        "column_alignment": "",
        "tag_type": "div",
        "attributes": {
            "class": "text-center"
        },
        "xs_col": 6,
        "xs_order": null,
        "xs_offset": null,
        "xs_ml": false,
        "xs_mr": false,
        "sm_col": null,
        "sm_order": null,
        "sm_offset": null,
        "sm_ml": false,
        "sm_mr": false,
        "md_col": 4,
        "md_order": null,
        "md_offset": null,
        "md_ml": false,
        "md_mr": false,
        "lg_col": null,
        "lg_order": null,
        "lg_offset": null,
        "lg_ml": false,
        "lg_mr": false,
        "xl_col": null,
        "xl_order": null,
        "xl_offset": null,
        "xl_ml": false,
        "xl_mr": false
    }
},
{
    "model": "bootstrap4_grid.bootstrap4gridcolumn",
    "pk": 335,
    "fields": {
        "column_type": "col",
        "column_alignment": "",
        "tag_type": "div",
        "attributes": {
            "class": "text-center"
        },
        "xs_col": 6,
        "xs_order": null,
        "xs_offset": null,
        "xs_ml": false,
        "xs_mr": false,
        "sm_col": null,
        "sm_order": null,
        "sm_offset": null,
        "sm_ml": false,
        "sm_mr": false,
        "md_col": 4,
        "md_order": null,
        "md_offset": null,
        "md_ml": false,
        "md_mr": false,
        "lg_col": null,
        "lg_order": null,
        "lg_offset": null,
        "lg_ml": false,
        "lg_mr": false,
        "xl_col": null,
        "xl_order": null,
        "xl_offset": null,
        "xl_ml": false,
        "xl_mr": false
    }
},
{
    "model": "bootstrap4_grid.bootstrap4gridcolumn",
    "pk": 337,
    "fields": {
        "column_type": "col",
        "column_alignment": "",
        "tag_type": "div",
        "attributes": {
            "class": "text-center"
        },
        "xs_col": 6,
        "xs_order": null,
        "xs_offset": null,
        "xs_ml": false,
        "xs_mr": false,
        "sm_col": null,
        "sm_order": null,
        "sm_offset": null,
        "sm_ml": false,
        "sm_mr": false,
        "md_col": 4,
        "md_order": null,
        "md_offset": null,
        "md_ml": false,
        "md_mr": false,
        "lg_col": null,
        "lg_order": null,
        "lg_offset": null,
        "lg_ml": false,
        "lg_mr": false,
        "xl_col": null,
        "xl_order": null,
        "xl_offset": null,
        "xl_ml": false,
        "xl_mr": false
    }
},
{
    "model": "bootstrap4_grid.bootstrap4gridcolumn",
    "pk": 339,
    "fields": {
        "column_type": "col",
        "column_alignment": "",
        "tag_type": "div",
        "attributes": {
            "class": "text-center"
        },
        "xs_col": 6,
        "xs_order": null,
        "xs_offset": null,
        "xs_ml": false,
        "xs_mr": false,
        "sm_col": null,
        "sm_order": null,
        "sm_offset": null,
        "sm_ml": false,
        "sm_mr": false,
        "md_col": 4,
        "md_order": null,
        "md_offset": null,
        "md_ml": false,
        "md_mr": false,
        "lg_col": null,
        "lg_order": null,
        "lg_offset": null,
        "lg_ml": false,
        "lg_mr": false,
        "xl_col": null,
        "xl_order": null,
        "xl_offset": null,
        "xl_ml": false,
        "xl_mr": false
    }
},
{
    "model": "bootstrap4_picture.bootstrap4picture",
    "pk": 95,
    "fields": {
        "template": "default",
        "picture": 1,
        "external_picture": "",
        "width": null,
        "height": null,
        "alignment": "",
        "caption_text": "",
        "attributes": {},
        "link_url": "",
        "link_page": null,
        "link_target": "",
        "link_attributes": {},
        "use_automatic_scaling": true,
        "use_no_cropping": false,
        "use_crop": false,
        "use_upscale": false,
        "thumbnail_options": null,
        "picture_fluid": true,
        "picture_rounded": false,
        "picture_thumbnail": false
    }
},
{
    "model": "bootstrap4_picture.bootstrap4picture",
    "pk": 96,
    "fields": {
        "template": "default",
        "picture": 2,
        "external_picture": "",
        "width": null,
        "height": null,
        "alignment": "",
        "caption_text": "",
        "attributes": {},
        "link_url": "",
        "link_page": null,
        "link_target": "",
        "link_attributes": {},
        "use_automatic_scaling": true,
        "use_no_cropping": false,
        "use_crop": false,
        "use_upscale": false,
        "thumbnail_options": null,
        "picture_fluid": true,
        "picture_rounded": true,
        "picture_thumbnail": false
    }
},
{
    "model": "bootstrap4_picture.bootstrap4picture",
    "pk": 97,
    "fields": {
        "template": "default",
        "picture": 3,
        "external_picture": "",
        "width": null,
        "height": null,
        "alignment": "",
        "caption_text": "",
        "attributes": {},
        "link_url": "",
        "link_page": null,
        "link_target": "",
        "link_attributes": {},
        "use_automatic_scaling": true,
        "use_no_cropping": false,
        "use_crop": false,
        "use_upscale": false,
        "thumbnail_options": null,
        "picture_fluid": true,
        "picture_rounded": false,
        "picture_thumbnail": false
    }
},
{
    "model": "bootstrap4_picture.bootstrap4picture",
    "pk": 98,
    "fields": {
        "template": "default",
        "picture": 4,
        "external_picture": "",
        "width": null,
        "height": null,
        "alignment": "",
        "caption_text": "",
        "attributes": {},
        "link_url": "",
        "link_page": null,
        "link_target": "",
        "link_attributes": {},
        "use_automatic_scaling": true,
        "use_no_cropping": false,
        "use_crop": false,
        "use_upscale": false,
        "thumbnail_options": null,
        "picture_fluid": true,
        "picture_rounded": true,
        "picture_thumbnail": false
    }
},
{
    "model": "bootstrap4_picture.bootstrap4picture",
    "pk": 254,
    "fields": {
        "template": "default",
        "picture": 1,
        "external_picture": "",
        "width": null,
        "height": null,
        "alignment": "",
        "caption_text": "",
        "attributes": {},
        "link_url": "",
        "link_page": null,
        "link_target": "",
        "link_attributes": {},
        "use_automatic_scaling": true,
        "use_no_cropping": false,
        "use_crop": false,
        "use_upscale": false,
        "thumbnail_options": null,
        "picture_fluid": true,
        "picture_rounded": false,
        "picture_thumbnail": false
    }
},
{
    "model": "bootstrap4_picture.bootstrap4picture",
    "pk": 256,
    "fields": {
        "template": "default",
        "picture": 2,
        "external_picture": "",
        "width": null,
        "height": null,
        "alignment": "",
        "caption_text": "",
        "attributes": {},
        "link_url": "",
        "link_page": null,
        "link_target": "",
        "link_attributes": {},
        "use_automatic_scaling": true,
        "use_no_cropping": false,
        "use_crop": false,
        "use_upscale": false,
        "thumbnail_options": null,
        "picture_fluid": true,
        "picture_rounded": true,
        "picture_thumbnail": false
    }
},
{
    "model": "bootstrap4_picture.bootstrap4picture",
    "pk": 258,
    "fields": {
        "template": "default",
        "picture": 3,
        "external_picture": "",
        "width": null,
        "height": null,
        "alignment": "",
        "caption_text": "",
        "attributes": {},
        "link_url": "",
        "link_page": null,
        "link_target": "",
        "link_attributes": {},
        "use_automatic_scaling": true,
        "use_no_cropping": false,
        "use_crop": false,
        "use_upscale": false,
        "thumbnail_options": null,
        "picture_fluid": true,
        "picture_rounded": false,
        "picture_thumbnail": false
    }
},
{
    "model": "bootstrap4_picture.bootstrap4picture",
    "pk": 260,
    "fields": {
        "template": "default",
        "picture": 4,
        "external_picture": "",
        "width": null,
        "height": null,
        "alignment": "",
        "caption_text": "",
        "attributes": {},
        "link_url": "",
        "link_page": null,
        "link_target": "",
        "link_attributes": {},
        "use_automatic_scaling": true,
        "use_no_cropping": false,
        "use_crop": false,
        "use_upscale": false,
        "thumbnail_options": null,
        "picture_fluid": true,
        "picture_rounded": true,
        "picture_thumbnail": false
    }
},
{
    "model": "polls_cms_integration.pollpluginmodel",
    "pk": 86,
    "fields": {
        "poll": 3
    }
},
{
    "model": "polls_cms_integration.pollpluginmodel",
    "pk": 87,
    "fields": {
        "poll": 1
    }
},
{
    "model": "polls_cms_integration.pollpluginmodel",
    "pk": 88,
    "fields": {
        "poll": 6
    }
},
{
    "model": "polls_cms_integration.pollpluginmodel",
    "pk": 323,
    "fields": {
        "poll": 3
    }
},
{
    "model": "polls_cms_integration.pollpluginmodel",
    "pk": 326,
    "fields": {
        "poll": 1
    }
},
{
    "model": "polls_cms_integration.pollpluginmodel",
    "pk": 329,
    "fields": {
        "poll": 6
    }
},
{
    "model": "polls.poll",
    "pk": 1,
    "fields": {
        "question": "Your favourite browser"
    }
},
{
    "model": "polls.poll",
    "pk": 2,
    "fields": {
        "question": "Your place or mine?"
    }
},
{
    "model": "polls.poll",
    "pk": 3,
    "fields": {
        "question": "Country or western"
    }
},
{
    "model": "polls.poll",
    "pk": 4,
    "fields": {
        "question": "Your teen heartthrob"
    }
},
{
    "model": "polls.poll",
    "pk": 5,
    "fields": {
        "question": "We need more..."
    }
},
{
    "model": "polls.poll",
    "pk": 6,
    "fields": {
        "question": "Choose a topic"
    }
},
{
    "model": "polls.choice",
    "pk": 1,
    "fields": {
        "poll": 1,
        "choice_text": "Mosaic",
        "votes": 12544
    }
},
{
    "model": "polls.choice",
    "pk": 2,
    "fields": {
        "poll": 1,
        "choice_text": "Netscape Navigator",
        "votes": 10637
    }
},
{
    "model": "polls.choice",
    "pk": 3,
    "fields": {
        "poll": 1,
        "choice_text": "Lynx",
        "votes": 256269
    }
},
{
    "model": "polls.choice",
    "pk": 4,
    "fields": {
        "poll": 2,
        "choice_text": "Yours",
        "votes": 2454
    }
},
{
    "model": "polls.choice",
    "pk": 5,
    "fields": {
        "poll": 2,
        "choice_text": "Mine",
        "votes": 2101
    }
},
{
    "model": "polls.choice",
    "pk": 6,
    "fields": {
        "poll": 3,
        "choice_text": "Country",
        "votes": 24241
    }
},
{
    "model": "polls.choice",
    "pk": 7,
    "fields": {
        "poll": 3,
        "choice_text": "Western",
        "votes": 26257
    }
},
{
    "model": "polls.choice",
    "pk": 8,
    "fields": {
        "poll": 3,
        "choice_text": "Both",
        "votes": 87788
    }
},
{
    "model": "polls.choice",
    "pk": 9,
    "fields": {
        "poll": 4,
        "choice_text": "Ralf",
        "votes": 16716
    }
},
{
    "model": "polls.choice",
    "pk": 10,
    "fields": {
        "poll": 4,
        "choice_text": "Florian",
        "votes": 20057
    }
},
{
    "model": "polls.choice",
    "pk": 11,
    "fields": {
        "poll": 4,
        "choice_text": "Wolfgang",
        "votes": 25611
    }
},
{
    "model": "polls.choice",
    "pk": 12,
    "fields": {
        "poll": 4,
        "choice_text": "Karl",
        "votes": 19933
    }
},
{
    "model": "polls.choice",
    "pk": 14,
    "fields": {
        "poll": 5,
        "choice_text": "Music",
        "votes": 1
    }
},
{
    "model": "polls.choice",
    "pk": 15,
    "fields": {
        "poll": 5,
        "choice_text": "Dance",
        "votes": 0
    }
},
{
    "model": "polls.choice",
    "pk": 16,
    "fields": {
        "poll": 5,
        "choice_text": "Theatre",
        "votes": 1
    }
},
{
    "model": "polls.choice",
    "pk": 17,
    "fields": {
        "poll": 5,
        "choice_text": "Visual art",
        "votes": 0
    }
},
{
    "model": "polls.choice",
    "pk": 18,
    "fields": {
        "poll": 6,
        "choice_text": "Politics",
        "votes": 0
    }
},
{
    "model": "polls.choice",
    "pk": 19,
    "fields": {
        "poll": 6,
        "choice_text": "Technology",
        "votes": 0
    }
},
{
    "model": "polls.choice",
    "pk": 20,
    "fields": {
        "poll": 6,
        "choice_text": "Culture",
        "votes": 0
    }
},
{
    "model": "polls.choice",
    "pk": 21,
    "fields": {
        "poll": 6,
        "choice_text": "Science",
        "votes": 0
    }
},
{
    "model": "auth.permission",
    "fields": {
        "name": "Can use Structure mode",
        "content_type": [
            "cms",
            "placeholder"
        ],
        "codename": "use_structure"
    }
},
{
    "model": "auth.permission",
    "fields": {
        "name": "Can change page",
        "content_type": [
            "cms",
            "page"
        ],
        "codename": "change_page"
    }
},
{
    "model": "auth.permission",
    "fields": {
        "name": "Can add permission",
        "content_type": [
            "auth",
            "permission"
        ],
        "codename": "add_permission"
    }
},
{
    "model": "auth.permission",
    "fields": {
        "name": "Can change permission",
        "content_type": [
            "auth",
            "permission"
        ],
        "codename": "change_permission"
    }
},
{
    "model": "auth.permission",
    "fields": {
        "name": "Can delete permission",
        "content_type": [
            "auth",
            "permission"
        ],
        "codename": "delete_permission"
    }
},
{
    "model": "auth.permission",
    "fields": {
        "name": "Can add group",
        "content_type": [
            "auth",
            "group"
        ],
        "codename": "add_group"
    }
},
{
    "model": "auth.permission",
    "fields": {
        "name": "Can change group",
        "content_type": [
            "auth",
            "group"
        ],
        "codename": "change_group"
    }
},
{
    "model": "auth.permission",
    "fields": {
        "name": "Can delete group",
        "content_type": [
            "auth",
            "group"
        ],
        "codename": "delete_group"
    }
},
{
    "model": "auth.permission",
    "fields": {
        "name": "Can add user",
        "content_type": [
            "auth",
            "user"
        ],
        "codename": "add_user"
    }
},
{
    "model": "auth.permission",
    "fields": {
        "name": "Can change user",
        "content_type": [
            "auth",
            "user"
        ],
        "codename": "change_user"
    }
},
{
    "model": "auth.permission",
    "fields": {
        "name": "Can delete user",
        "content_type": [
            "auth",
            "user"
        ],
        "codename": "delete_user"
    }
},
{
    "model": "auth.permission",
    "fields": {
        "name": "Can add content type",
        "content_type": [
            "contenttypes",
            "contenttype"
        ],
        "codename": "add_contenttype"
    }
},
{
    "model": "auth.permission",
    "fields": {
        "name": "Can change content type",
        "content_type": [
            "contenttypes",
            "contenttype"
        ],
        "codename": "change_contenttype"
    }
},
{
    "model": "auth.permission",
    "fields": {
        "name": "Can delete content type",
        "content_type": [
            "contenttypes",
            "contenttype"
        ],
        "codename": "delete_contenttype"
    }
},
{
    "model": "auth.permission",
    "fields": {
        "name": "Can add session",
        "content_type": [
            "sessions",
            "session"
        ],
        "codename": "add_session"
    }
},
{
    "model": "auth.permission",
    "fields": {
        "name": "Can change session",
        "content_type": [
            "sessions",
            "session"
        ],
        "codename": "change_session"
    }
},
{
    "model": "auth.permission",
    "fields": {
        "name": "Can delete session",
        "content_type": [
            "sessions",
            "session"
        ],
        "codename": "delete_session"
    }
},
{
    "model": "auth.permission",
    "fields": {
        "name": "Can add log entry",
        "content_type": [
            "admin",
            "logentry"
        ],
        "codename": "add_logentry"
    }
},
{
    "model": "auth.permission",
    "fields": {
        "name": "Can change log entry",
        "content_type": [
            "admin",
            "logentry"
        ],
        "codename": "change_logentry"
    }
},
{
    "model": "auth.permission",
    "fields": {
        "name": "Can delete log entry",
        "content_type": [
            "admin",
            "logentry"
        ],
        "codename": "delete_logentry"
    }
},
{
    "model": "auth.permission",
    "fields": {
        "name": "Can add site",
        "content_type": [
            "sites",
            "site"
        ],
        "codename": "add_site"
    }
},
{
    "model": "auth.permission",
    "fields": {
        "name": "Can change site",
        "content_type": [
            "sites",
            "site"
        ],
        "codename": "change_site"
    }
},
{
    "model": "auth.permission",
    "fields": {
        "name": "Can delete site",
        "content_type": [
            "sites",
            "site"
        ],
        "codename": "delete_site"
    }
},
{
    "model": "auth.permission",
    "fields": {
        "name": "Can add cms plugin",
        "content_type": [
            "cms",
            "cmsplugin"
        ],
        "codename": "add_cmsplugin"
    }
},
{
    "model": "auth.permission",
    "fields": {
        "name": "Can change cms plugin",
        "content_type": [
            "cms",
            "cmsplugin"
        ],
        "codename": "change_cmsplugin"
    }
},
{
    "model": "auth.permission",
    "fields": {
        "name": "Can delete cms plugin",
        "content_type": [
            "cms",
            "cmsplugin"
        ],
        "codename": "delete_cmsplugin"
    }
},
{
    "model": "auth.permission",
    "fields": {
        "name": "Can add alias plugin model",
        "content_type": [
            "cms",
            "aliaspluginmodel"
        ],
        "codename": "add_aliaspluginmodel"
    }
},
{
    "model": "auth.permission",
    "fields": {
        "name": "Can change alias plugin model",
        "content_type": [
            "cms",
            "aliaspluginmodel"
        ],
        "codename": "change_aliaspluginmodel"
    }
},
{
    "model": "auth.permission",
    "fields": {
        "name": "Can delete alias plugin model",
        "content_type": [
            "cms",
            "aliaspluginmodel"
        ],
        "codename": "delete_aliaspluginmodel"
    }
},
{
    "model": "auth.permission",
    "fields": {
        "name": "Can add Page global permission",
        "content_type": [
            "cms",
            "globalpagepermission"
        ],
        "codename": "add_globalpagepermission"
    }
},
{
    "model": "auth.permission",
    "fields": {
        "name": "Can change Page global permission",
        "content_type": [
            "cms",
            "globalpagepermission"
        ],
        "codename": "change_globalpagepermission"
    }
},
{
    "model": "auth.permission",
    "fields": {
        "name": "Can delete Page global permission",
        "content_type": [
            "cms",
            "globalpagepermission"
        ],
        "codename": "delete_globalpagepermission"
    }
},
{
    "model": "auth.permission",
    "fields": {
        "name": "Can add page",
        "content_type": [
            "cms",
            "page"
        ],
        "codename": "add_page"
    }
},
{
    "model": "auth.permission",
    "fields": {
        "name": "Can delete page",
        "content_type": [
            "cms",
            "page"
        ],
        "codename": "delete_page"
    }
},
{
    "model": "auth.permission",
    "fields": {
        "name": "Can view page",
        "content_type": [
            "cms",
            "page"
        ],
        "codename": "view_page"
    }
},
{
    "model": "auth.permission",
    "fields": {
        "name": "Can publish page",
        "content_type": [
            "cms",
            "page"
        ],
        "codename": "publish_page"
    }
},
{
    "model": "auth.permission",
    "fields": {
        "name": "Can edit static placeholders",
        "content_type": [
            "cms",
            "page"
        ],
        "codename": "edit_static_placeholder"
    }
},
{
    "model": "auth.permission",
    "fields": {
        "name": "Can add Page permission",
        "content_type": [
            "cms",
            "pagepermission"
        ],
        "codename": "add_pagepermission"
    }
},
{
    "model": "auth.permission",
    "fields": {
        "name": "Can change Page permission",
        "content_type": [
            "cms",
            "pagepermission"
        ],
        "codename": "change_pagepermission"
    }
},
{
    "model": "auth.permission",
    "fields": {
        "name": "Can delete Page permission",
        "content_type": [
            "cms",
            "pagepermission"
        ],
        "codename": "delete_pagepermission"
    }
},
{
    "model": "auth.permission",
    "fields": {
        "name": "Can add User (page)",
        "content_type": [
            "cms",
            "pageuser"
        ],
        "codename": "add_pageuser"
    }
},
{
    "model": "auth.permission",
    "fields": {
        "name": "Can change User (page)",
        "content_type": [
            "cms",
            "pageuser"
        ],
        "codename": "change_pageuser"
    }
},
{
    "model": "auth.permission",
    "fields": {
        "name": "Can delete User (page)",
        "content_type": [
            "cms",
            "pageuser"
        ],
        "codename": "delete_pageuser"
    }
},
{
    "model": "auth.permission",
    "fields": {
        "name": "Can add User group (page)",
        "content_type": [
            "cms",
            "pageusergroup"
        ],
        "codename": "add_pageusergroup"
    }
},
{
    "model": "auth.permission",
    "fields": {
        "name": "Can change User group (page)",
        "content_type": [
            "cms",
            "pageusergroup"
        ],
        "codename": "change_pageusergroup"
    }
},
{
    "model": "auth.permission",
    "fields": {
        "name": "Can delete User group (page)",
        "content_type": [
            "cms",
            "pageusergroup"
        ],
        "codename": "delete_pageusergroup"
    }
},
{
    "model": "auth.permission",
    "fields": {
        "name": "Can add placeholder",
        "content_type": [
            "cms",
            "placeholder"
        ],
        "codename": "add_placeholder"
    }
},
{
    "model": "auth.permission",
    "fields": {
        "name": "Can change placeholder",
        "content_type": [
            "cms",
            "placeholder"
        ],
        "codename": "change_placeholder"
    }
},
{
    "model": "auth.permission",
    "fields": {
        "name": "Can delete placeholder",
        "content_type": [
            "cms",
            "placeholder"
        ],
        "codename": "delete_placeholder"
    }
},
{
    "model": "auth.permission",
    "fields": {
        "name": "Can add placeholder reference",
        "content_type": [
            "cms",
            "placeholderreference"
        ],
        "codename": "add_placeholderreference"
    }
},
{
    "model": "auth.permission",
    "fields": {
        "name": "Can change placeholder reference",
        "content_type": [
            "cms",
            "placeholderreference"
        ],
        "codename": "change_placeholderreference"
    }
},
{
    "model": "auth.permission",
    "fields": {
        "name": "Can delete placeholder reference",
        "content_type": [
            "cms",
            "placeholderreference"
        ],
        "codename": "delete_placeholderreference"
    }
},
{
    "model": "auth.permission",
    "fields": {
        "name": "Can add static placeholder",
        "content_type": [
            "cms",
            "staticplaceholder"
        ],
        "codename": "add_staticplaceholder"
    }
},
{
    "model": "auth.permission",
    "fields": {
        "name": "Can change static placeholder",
        "content_type": [
            "cms",
            "staticplaceholder"
        ],
        "codename": "change_staticplaceholder"
    }
},
{
    "model": "auth.permission",
    "fields": {
        "name": "Can delete static placeholder",
        "content_type": [
            "cms",
            "staticplaceholder"
        ],
        "codename": "delete_staticplaceholder"
    }
},
{
    "model": "auth.permission",
    "fields": {
        "name": "Can add title",
        "content_type": [
            "cms",
            "title"
        ],
        "codename": "add_title"
    }
},
{
    "model": "auth.permission",
    "fields": {
        "name": "Can change title",
        "content_type": [
            "cms",
            "title"
        ],
        "codename": "change_title"
    }
},
{
    "model": "auth.permission",
    "fields": {
        "name": "Can delete title",
        "content_type": [
            "cms",
            "title"
        ],
        "codename": "delete_title"
    }
},
{
    "model": "auth.permission",
    "fields": {
        "name": "Can add user setting",
        "content_type": [
            "cms",
            "usersettings"
        ],
        "codename": "add_usersettings"
    }
},
{
    "model": "auth.permission",
    "fields": {
        "name": "Can change user setting",
        "content_type": [
            "cms",
            "usersettings"
        ],
        "codename": "change_usersettings"
    }
},
{
    "model": "auth.permission",
    "fields": {
        "name": "Can delete user setting",
        "content_type": [
            "cms",
            "usersettings"
        ],
        "codename": "delete_usersettings"
    }
},
{
    "model": "auth.permission",
    "fields": {
        "name": "Can add urlconf revision",
        "content_type": [
            "cms",
            "urlconfrevision"
        ],
        "codename": "add_urlconfrevision"
    }
},
{
    "model": "auth.permission",
    "fields": {
        "name": "Can change urlconf revision",
        "content_type": [
            "cms",
            "urlconfrevision"
        ],
        "codename": "change_urlconfrevision"
    }
},
{
    "model": "auth.permission",
    "fields": {
        "name": "Can delete urlconf revision",
        "content_type": [
            "cms",
            "urlconfrevision"
        ],
        "codename": "delete_urlconfrevision"
    }
},
{
    "model": "auth.permission",
    "fields": {
        "name": "Can add cache key",
        "content_type": [
            "menus",
            "cachekey"
        ],
        "codename": "add_cachekey"
    }
},
{
    "model": "auth.permission",
    "fields": {
        "name": "Can change cache key",
        "content_type": [
            "menus",
            "cachekey"
        ],
        "codename": "change_cachekey"
    }
},
{
    "model": "auth.permission",
    "fields": {
        "name": "Can delete cache key",
        "content_type": [
            "menus",
            "cachekey"
        ],
        "codename": "delete_cachekey"
    }
},
{
    "model": "auth.permission",
    "fields": {
        "name": "Can add text",
        "content_type": [
            "djangocms_text_ckeditor",
            "text"
        ],
        "codename": "add_text"
    }
},
{
    "model": "auth.permission",
    "fields": {
        "name": "Can change text",
        "content_type": [
            "djangocms_text_ckeditor",
            "text"
        ],
        "codename": "change_text"
    }
},
{
    "model": "auth.permission",
    "fields": {
        "name": "Can delete text",
        "content_type": [
            "djangocms_text_ckeditor",
            "text"
        ],
        "codename": "delete_text"
    }
},
{
    "model": "auth.permission",
    "fields": {
        "name": "Can add clipboard",
        "content_type": [
            "filer",
            "clipboard"
        ],
        "codename": "add_clipboard"
    }
},
{
    "model": "auth.permission",
    "fields": {
        "name": "Can change clipboard",
        "content_type": [
            "filer",
            "clipboard"
        ],
        "codename": "change_clipboard"
    }
},
{
    "model": "auth.permission",
    "fields": {
        "name": "Can delete clipboard",
        "content_type": [
            "filer",
            "clipboard"
        ],
        "codename": "delete_clipboard"
    }
},
{
    "model": "auth.permission",
    "fields": {
        "name": "Can add clipboard item",
        "content_type": [
            "filer",
            "clipboarditem"
        ],
        "codename": "add_clipboarditem"
    }
},
{
    "model": "auth.permission",
    "fields": {
        "name": "Can change clipboard item",
        "content_type": [
            "filer",
            "clipboarditem"
        ],
        "codename": "change_clipboarditem"
    }
},
{
    "model": "auth.permission",
    "fields": {
        "name": "Can delete clipboard item",
        "content_type": [
            "filer",
            "clipboarditem"
        ],
        "codename": "delete_clipboarditem"
    }
},
{
    "model": "auth.permission",
    "fields": {
        "name": "Can add file",
        "content_type": [
            "filer",
            "file"
        ],
        "codename": "add_file"
    }
},
{
    "model": "auth.permission",
    "fields": {
        "name": "Can change file",
        "content_type": [
            "filer",
            "file"
        ],
        "codename": "change_file"
    }
},
{
    "model": "auth.permission",
    "fields": {
        "name": "Can delete file",
        "content_type": [
            "filer",
            "file"
        ],
        "codename": "delete_file"
    }
},
{
    "model": "auth.permission",
    "fields": {
        "name": "Can add Folder",
        "content_type": [
            "filer",
            "folder"
        ],
        "codename": "add_folder"
    }
},
{
    "model": "auth.permission",
    "fields": {
        "name": "Can change Folder",
        "content_type": [
            "filer",
            "folder"
        ],
        "codename": "change_folder"
    }
},
{
    "model": "auth.permission",
    "fields": {
        "name": "Can delete Folder",
        "content_type": [
            "filer",
            "folder"
        ],
        "codename": "delete_folder"
    }
},
{
    "model": "auth.permission",
    "fields": {
        "name": "Can use directory listing",
        "content_type": [
            "filer",
            "folder"
        ],
        "codename": "can_use_directory_listing"
    }
},
{
    "model": "auth.permission",
    "fields": {
        "name": "Can add folder permission",
        "content_type": [
            "filer",
            "folderpermission"
        ],
        "codename": "add_folderpermission"
    }
},
{
    "model": "auth.permission",
    "fields": {
        "name": "Can change folder permission",
        "content_type": [
            "filer",
            "folderpermission"
        ],
        "codename": "change_folderpermission"
    }
},
{
    "model": "auth.permission",
    "fields": {
        "name": "Can delete folder permission",
        "content_type": [
            "filer",
            "folderpermission"
        ],
        "codename": "delete_folderpermission"
    }
},
{
    "model": "auth.permission",
    "fields": {
        "name": "Can add image",
        "content_type": [
            "filer",
            "image"
        ],
        "codename": "add_image"
    }
},
{
    "model": "auth.permission",
    "fields": {
        "name": "Can change image",
        "content_type": [
            "filer",
            "image"
        ],
        "codename": "change_image"
    }
},
{
    "model": "auth.permission",
    "fields": {
        "name": "Can delete image",
        "content_type": [
            "filer",
            "image"
        ],
        "codename": "delete_image"
    }
},
{
    "model": "auth.permission",
    "fields": {
        "name": "Can add thumbnail option",
        "content_type": [
            "filer",
            "thumbnailoption"
        ],
        "codename": "add_thumbnailoption"
    }
},
{
    "model": "auth.permission",
    "fields": {
        "name": "Can change thumbnail option",
        "content_type": [
            "filer",
            "thumbnailoption"
        ],
        "codename": "change_thumbnailoption"
    }
},
{
    "model": "auth.permission",
    "fields": {
        "name": "Can delete thumbnail option",
        "content_type": [
            "filer",
            "thumbnailoption"
        ],
        "codename": "delete_thumbnailoption"
    }
},
{
    "model": "auth.permission",
    "fields": {
        "name": "Can add source",
        "content_type": [
            "easy_thumbnails",
            "source"
        ],
        "codename": "add_source"
    }
},
{
    "model": "auth.permission",
    "fields": {
        "name": "Can change source",
        "content_type": [
            "easy_thumbnails",
            "source"
        ],
        "codename": "change_source"
    }
},
{
    "model": "auth.permission",
    "fields": {
        "name": "Can delete source",
        "content_type": [
            "easy_thumbnails",
            "source"
        ],
        "codename": "delete_source"
    }
},
{
    "model": "auth.permission",
    "fields": {
        "name": "Can add thumbnail",
        "content_type": [
            "easy_thumbnails",
            "thumbnail"
        ],
        "codename": "add_thumbnail"
    }
},
{
    "model": "auth.permission",
    "fields": {
        "name": "Can change thumbnail",
        "content_type": [
            "easy_thumbnails",
            "thumbnail"
        ],
        "codename": "change_thumbnail"
    }
},
{
    "model": "auth.permission",
    "fields": {
        "name": "Can delete thumbnail",
        "content_type": [
            "easy_thumbnails",
            "thumbnail"
        ],
        "codename": "delete_thumbnail"
    }
},
{
    "model": "auth.permission",
    "fields": {
        "name": "Can add thumbnail dimensions",
        "content_type": [
            "easy_thumbnails",
            "thumbnaildimensions"
        ],
        "codename": "add_thumbnaildimensions"
    }
},
{
    "model": "auth.permission",
    "fields": {
        "name": "Can change thumbnail dimensions",
        "content_type": [
            "easy_thumbnails",
            "thumbnaildimensions"
        ],
        "codename": "change_thumbnaildimensions"
    }
},
{
    "model": "auth.permission",
    "fields": {
        "name": "Can delete thumbnail dimensions",
        "content_type": [
            "easy_thumbnails",
            "thumbnaildimensions"
        ],
        "codename": "delete_thumbnaildimensions"
    }
},
{
    "model": "auth.permission",
    "fields": {
        "name": "Can add file",
        "content_type": [
            "djangocms_file",
            "file"
        ],
        "codename": "add_file"
    }
},
{
    "model": "auth.permission",
    "fields": {
        "name": "Can change file",
        "content_type": [
            "djangocms_file",
            "file"
        ],
        "codename": "change_file"
    }
},
{
    "model": "auth.permission",
    "fields": {
        "name": "Can delete file",
        "content_type": [
            "djangocms_file",
            "file"
        ],
        "codename": "delete_file"
    }
},
{
    "model": "auth.permission",
    "fields": {
        "name": "Can add folder",
        "content_type": [
            "djangocms_file",
            "folder"
        ],
        "codename": "add_folder"
    }
},
{
    "model": "auth.permission",
    "fields": {
        "name": "Can change folder",
        "content_type": [
            "djangocms_file",
            "folder"
        ],
        "codename": "change_folder"
    }
},
{
    "model": "auth.permission",
    "fields": {
        "name": "Can delete folder",
        "content_type": [
            "djangocms_file",
            "folder"
        ],
        "codename": "delete_folder"
    }
},
{
    "model": "auth.permission",
    "fields": {
        "name": "Can add link",
        "content_type": [
            "djangocms_link",
            "link"
        ],
        "codename": "add_link"
    }
},
{
    "model": "auth.permission",
    "fields": {
        "name": "Can change link",
        "content_type": [
            "djangocms_link",
            "link"
        ],
        "codename": "change_link"
    }
},
{
    "model": "auth.permission",
    "fields": {
        "name": "Can delete link",
        "content_type": [
            "djangocms_link",
            "link"
        ],
        "codename": "delete_link"
    }
},
{
    "model": "auth.permission",
    "fields": {
        "name": "Can add picture",
        "content_type": [
            "djangocms_picture",
            "picture"
        ],
        "codename": "add_picture"
    }
},
{
    "model": "auth.permission",
    "fields": {
        "name": "Can change picture",
        "content_type": [
            "djangocms_picture",
            "picture"
        ],
        "codename": "change_picture"
    }
},
{
    "model": "auth.permission",
    "fields": {
        "name": "Can delete picture",
        "content_type": [
            "djangocms_picture",
            "picture"
        ],
        "codename": "delete_picture"
    }
},
{
    "model": "auth.permission",
    "fields": {
        "name": "Can add style",
        "content_type": [
            "djangocms_style",
            "style"
        ],
        "codename": "add_style"
    }
},
{
    "model": "auth.permission",
    "fields": {
        "name": "Can change style",
        "content_type": [
            "djangocms_style",
            "style"
        ],
        "codename": "change_style"
    }
},
{
    "model": "auth.permission",
    "fields": {
        "name": "Can delete style",
        "content_type": [
            "djangocms_style",
            "style"
        ],
        "codename": "delete_style"
    }
},
{
    "model": "auth.permission",
    "fields": {
        "name": "Can add Snippet",
        "content_type": [
            "djangocms_snippet",
            "snippet"
        ],
        "codename": "add_snippet"
    }
},
{
    "model": "auth.permission",
    "fields": {
        "name": "Can change Snippet",
        "content_type": [
            "djangocms_snippet",
            "snippet"
        ],
        "codename": "change_snippet"
    }
},
{
    "model": "auth.permission",
    "fields": {
        "name": "Can delete Snippet",
        "content_type": [
            "djangocms_snippet",
            "snippet"
        ],
        "codename": "delete_snippet"
    }
},
{
    "model": "auth.permission",
    "fields": {
        "name": "Can add Snippet",
        "content_type": [
            "djangocms_snippet",
            "snippetptr"
        ],
        "codename": "add_snippetptr"
    }
},
{
    "model": "auth.permission",
    "fields": {
        "name": "Can change Snippet",
        "content_type": [
            "djangocms_snippet",
            "snippetptr"
        ],
        "codename": "change_snippetptr"
    }
},
{
    "model": "auth.permission",
    "fields": {
        "name": "Can delete Snippet",
        "content_type": [
            "djangocms_snippet",
            "snippetptr"
        ],
        "codename": "delete_snippetptr"
    }
},
{
    "model": "auth.permission",
    "fields": {
        "name": "Can add google map",
        "content_type": [
            "djangocms_googlemap",
            "googlemap"
        ],
        "codename": "add_googlemap"
    }
},
{
    "model": "auth.permission",
    "fields": {
        "name": "Can change google map",
        "content_type": [
            "djangocms_googlemap",
            "googlemap"
        ],
        "codename": "change_googlemap"
    }
},
{
    "model": "auth.permission",
    "fields": {
        "name": "Can delete google map",
        "content_type": [
            "djangocms_googlemap",
            "googlemap"
        ],
        "codename": "delete_googlemap"
    }
},
{
    "model": "auth.permission",
    "fields": {
        "name": "Can add google map marker",
        "content_type": [
            "djangocms_googlemap",
            "googlemapmarker"
        ],
        "codename": "add_googlemapmarker"
    }
},
{
    "model": "auth.permission",
    "fields": {
        "name": "Can change google map marker",
        "content_type": [
            "djangocms_googlemap",
            "googlemapmarker"
        ],
        "codename": "change_googlemapmarker"
    }
},
{
    "model": "auth.permission",
    "fields": {
        "name": "Can delete google map marker",
        "content_type": [
            "djangocms_googlemap",
            "googlemapmarker"
        ],
        "codename": "delete_googlemapmarker"
    }
},
{
    "model": "auth.permission",
    "fields": {
        "name": "Can add google map route",
        "content_type": [
            "djangocms_googlemap",
            "googlemaproute"
        ],
        "codename": "add_googlemaproute"
    }
},
{
    "model": "auth.permission",
    "fields": {
        "name": "Can change google map route",
        "content_type": [
            "djangocms_googlemap",
            "googlemaproute"
        ],
        "codename": "change_googlemaproute"
    }
},
{
    "model": "auth.permission",
    "fields": {
        "name": "Can delete google map route",
        "content_type": [
            "djangocms_googlemap",
            "googlemaproute"
        ],
        "codename": "delete_googlemaproute"
    }
},
{
    "model": "auth.permission",
    "fields": {
        "name": "Can add video player",
        "content_type": [
            "djangocms_video",
            "videoplayer"
        ],
        "codename": "add_videoplayer"
    }
},
{
    "model": "auth.permission",
    "fields": {
        "name": "Can change video player",
        "content_type": [
            "djangocms_video",
            "videoplayer"
        ],
        "codename": "change_videoplayer"
    }
},
{
    "model": "auth.permission",
    "fields": {
        "name": "Can delete video player",
        "content_type": [
            "djangocms_video",
            "videoplayer"
        ],
        "codename": "delete_videoplayer"
    }
},
{
    "model": "auth.permission",
    "fields": {
        "name": "Can add video source",
        "content_type": [
            "djangocms_video",
            "videosource"
        ],
        "codename": "add_videosource"
    }
},
{
    "model": "auth.permission",
    "fields": {
        "name": "Can change video source",
        "content_type": [
            "djangocms_video",
            "videosource"
        ],
        "codename": "change_videosource"
    }
},
{
    "model": "auth.permission",
    "fields": {
        "name": "Can delete video source",
        "content_type": [
            "djangocms_video",
            "videosource"
        ],
        "codename": "delete_videosource"
    }
},
{
    "model": "auth.permission",
    "fields": {
        "name": "Can add video track",
        "content_type": [
            "djangocms_video",
            "videotrack"
        ],
        "codename": "add_videotrack"
    }
},
{
    "model": "auth.permission",
    "fields": {
        "name": "Can change video track",
        "content_type": [
            "djangocms_video",
            "videotrack"
        ],
        "codename": "change_videotrack"
    }
},
{
    "model": "auth.permission",
    "fields": {
        "name": "Can delete video track",
        "content_type": [
            "djangocms_video",
            "videotrack"
        ],
        "codename": "delete_videotrack"
    }
},
{
    "model": "auth.permission",
    "fields": {
        "name": "Can add icon",
        "content_type": [
            "djangocms_icon",
            "icon"
        ],
        "codename": "add_icon"
    }
},
{
    "model": "auth.permission",
    "fields": {
        "name": "Can change icon",
        "content_type": [
            "djangocms_icon",
            "icon"
        ],
        "codename": "change_icon"
    }
},
{
    "model": "auth.permission",
    "fields": {
        "name": "Can delete icon",
        "content_type": [
            "djangocms_icon",
            "icon"
        ],
        "codename": "delete_icon"
    }
},
{
    "model": "auth.permission",
    "fields": {
        "name": "Can add bootstrap4 alerts",
        "content_type": [
            "bootstrap4_alerts",
            "bootstrap4alerts"
        ],
        "codename": "add_bootstrap4alerts"
    }
},
{
    "model": "auth.permission",
    "fields": {
        "name": "Can change bootstrap4 alerts",
        "content_type": [
            "bootstrap4_alerts",
            "bootstrap4alerts"
        ],
        "codename": "change_bootstrap4alerts"
    }
},
{
    "model": "auth.permission",
    "fields": {
        "name": "Can delete bootstrap4 alerts",
        "content_type": [
            "bootstrap4_alerts",
            "bootstrap4alerts"
        ],
        "codename": "delete_bootstrap4alerts"
    }
},
{
    "model": "auth.permission",
    "fields": {
        "name": "Can add bootstrap4 badge",
        "content_type": [
            "bootstrap4_badge",
            "bootstrap4badge"
        ],
        "codename": "add_bootstrap4badge"
    }
},
{
    "model": "auth.permission",
    "fields": {
        "name": "Can change bootstrap4 badge",
        "content_type": [
            "bootstrap4_badge",
            "bootstrap4badge"
        ],
        "codename": "change_bootstrap4badge"
    }
},
{
    "model": "auth.permission",
    "fields": {
        "name": "Can delete bootstrap4 badge",
        "content_type": [
            "bootstrap4_badge",
            "bootstrap4badge"
        ],
        "codename": "delete_bootstrap4badge"
    }
},
{
    "model": "auth.permission",
    "fields": {
        "name": "Can add bootstrap4 card",
        "content_type": [
            "bootstrap4_card",
            "bootstrap4card"
        ],
        "codename": "add_bootstrap4card"
    }
},
{
    "model": "auth.permission",
    "fields": {
        "name": "Can change bootstrap4 card",
        "content_type": [
            "bootstrap4_card",
            "bootstrap4card"
        ],
        "codename": "change_bootstrap4card"
    }
},
{
    "model": "auth.permission",
    "fields": {
        "name": "Can delete bootstrap4 card",
        "content_type": [
            "bootstrap4_card",
            "bootstrap4card"
        ],
        "codename": "delete_bootstrap4card"
    }
},
{
    "model": "auth.permission",
    "fields": {
        "name": "Can add bootstrap4 card inner",
        "content_type": [
            "bootstrap4_card",
            "bootstrap4cardinner"
        ],
        "codename": "add_bootstrap4cardinner"
    }
},
{
    "model": "auth.permission",
    "fields": {
        "name": "Can change bootstrap4 card inner",
        "content_type": [
            "bootstrap4_card",
            "bootstrap4cardinner"
        ],
        "codename": "change_bootstrap4cardinner"
    }
},
{
    "model": "auth.permission",
    "fields": {
        "name": "Can delete bootstrap4 card inner",
        "content_type": [
            "bootstrap4_card",
            "bootstrap4cardinner"
        ],
        "codename": "delete_bootstrap4cardinner"
    }
},
{
    "model": "auth.permission",
    "fields": {
        "name": "Can add bootstrap4 carousel",
        "content_type": [
            "bootstrap4_carousel",
            "bootstrap4carousel"
        ],
        "codename": "add_bootstrap4carousel"
    }
},
{
    "model": "auth.permission",
    "fields": {
        "name": "Can change bootstrap4 carousel",
        "content_type": [
            "bootstrap4_carousel",
            "bootstrap4carousel"
        ],
        "codename": "change_bootstrap4carousel"
    }
},
{
    "model": "auth.permission",
    "fields": {
        "name": "Can delete bootstrap4 carousel",
        "content_type": [
            "bootstrap4_carousel",
            "bootstrap4carousel"
        ],
        "codename": "delete_bootstrap4carousel"
    }
},
{
    "model": "auth.permission",
    "fields": {
        "name": "Can add bootstrap4 carousel slide",
        "content_type": [
            "bootstrap4_carousel",
            "bootstrap4carouselslide"
        ],
        "codename": "add_bootstrap4carouselslide"
    }
},
{
    "model": "auth.permission",
    "fields": {
        "name": "Can change bootstrap4 carousel slide",
        "content_type": [
            "bootstrap4_carousel",
            "bootstrap4carouselslide"
        ],
        "codename": "change_bootstrap4carouselslide"
    }
},
{
    "model": "auth.permission",
    "fields": {
        "name": "Can delete bootstrap4 carousel slide",
        "content_type": [
            "bootstrap4_carousel",
            "bootstrap4carouselslide"
        ],
        "codename": "delete_bootstrap4carouselslide"
    }
},
{
    "model": "auth.permission",
    "fields": {
        "name": "Can add bootstrap4 collapse",
        "content_type": [
            "bootstrap4_collapse",
            "bootstrap4collapse"
        ],
        "codename": "add_bootstrap4collapse"
    }
},
{
    "model": "auth.permission",
    "fields": {
        "name": "Can change bootstrap4 collapse",
        "content_type": [
            "bootstrap4_collapse",
            "bootstrap4collapse"
        ],
        "codename": "change_bootstrap4collapse"
    }
},
{
    "model": "auth.permission",
    "fields": {
        "name": "Can delete bootstrap4 collapse",
        "content_type": [
            "bootstrap4_collapse",
            "bootstrap4collapse"
        ],
        "codename": "delete_bootstrap4collapse"
    }
},
{
    "model": "auth.permission",
    "fields": {
        "name": "Can add bootstrap4 collapse container",
        "content_type": [
            "bootstrap4_collapse",
            "bootstrap4collapsecontainer"
        ],
        "codename": "add_bootstrap4collapsecontainer"
    }
},
{
    "model": "auth.permission",
    "fields": {
        "name": "Can change bootstrap4 collapse container",
        "content_type": [
            "bootstrap4_collapse",
            "bootstrap4collapsecontainer"
        ],
        "codename": "change_bootstrap4collapsecontainer"
    }
},
{
    "model": "auth.permission",
    "fields": {
        "name": "Can delete bootstrap4 collapse container",
        "content_type": [
            "bootstrap4_collapse",
            "bootstrap4collapsecontainer"
        ],
        "codename": "delete_bootstrap4collapsecontainer"
    }
},
{
    "model": "auth.permission",
    "fields": {
        "name": "Can add bootstrap4 collapse trigger",
        "content_type": [
            "bootstrap4_collapse",
            "bootstrap4collapsetrigger"
        ],
        "codename": "add_bootstrap4collapsetrigger"
    }
},
{
    "model": "auth.permission",
    "fields": {
        "name": "Can change bootstrap4 collapse trigger",
        "content_type": [
            "bootstrap4_collapse",
            "bootstrap4collapsetrigger"
        ],
        "codename": "change_bootstrap4collapsetrigger"
    }
},
{
    "model": "auth.permission",
    "fields": {
        "name": "Can delete bootstrap4 collapse trigger",
        "content_type": [
            "bootstrap4_collapse",
            "bootstrap4collapsetrigger"
        ],
        "codename": "delete_bootstrap4collapsetrigger"
    }
},
{
    "model": "auth.permission",
    "fields": {
        "name": "Can add bootstrap4 blockquote",
        "content_type": [
            "bootstrap4_content",
            "bootstrap4blockquote"
        ],
        "codename": "add_bootstrap4blockquote"
    }
},
{
    "model": "auth.permission",
    "fields": {
        "name": "Can change bootstrap4 blockquote",
        "content_type": [
            "bootstrap4_content",
            "bootstrap4blockquote"
        ],
        "codename": "change_bootstrap4blockquote"
    }
},
{
    "model": "auth.permission",
    "fields": {
        "name": "Can delete bootstrap4 blockquote",
        "content_type": [
            "bootstrap4_content",
            "bootstrap4blockquote"
        ],
        "codename": "delete_bootstrap4blockquote"
    }
},
{
    "model": "auth.permission",
    "fields": {
        "name": "Can add bootstrap4 code",
        "content_type": [
            "bootstrap4_content",
            "bootstrap4code"
        ],
        "codename": "add_bootstrap4code"
    }
},
{
    "model": "auth.permission",
    "fields": {
        "name": "Can change bootstrap4 code",
        "content_type": [
            "bootstrap4_content",
            "bootstrap4code"
        ],
        "codename": "change_bootstrap4code"
    }
},
{
    "model": "auth.permission",
    "fields": {
        "name": "Can delete bootstrap4 code",
        "content_type": [
            "bootstrap4_content",
            "bootstrap4code"
        ],
        "codename": "delete_bootstrap4code"
    }
},
{
    "model": "auth.permission",
    "fields": {
        "name": "Can add bootstrap4 figure",
        "content_type": [
            "bootstrap4_content",
            "bootstrap4figure"
        ],
        "codename": "add_bootstrap4figure"
    }
},
{
    "model": "auth.permission",
    "fields": {
        "name": "Can change bootstrap4 figure",
        "content_type": [
            "bootstrap4_content",
            "bootstrap4figure"
        ],
        "codename": "change_bootstrap4figure"
    }
},
{
    "model": "auth.permission",
    "fields": {
        "name": "Can delete bootstrap4 figure",
        "content_type": [
            "bootstrap4_content",
            "bootstrap4figure"
        ],
        "codename": "delete_bootstrap4figure"
    }
},
{
    "model": "auth.permission",
    "fields": {
        "name": "Can add bootstrap4 grid column",
        "content_type": [
            "bootstrap4_grid",
            "bootstrap4gridcolumn"
        ],
        "codename": "add_bootstrap4gridcolumn"
    }
},
{
    "model": "auth.permission",
    "fields": {
        "name": "Can change bootstrap4 grid column",
        "content_type": [
            "bootstrap4_grid",
            "bootstrap4gridcolumn"
        ],
        "codename": "change_bootstrap4gridcolumn"
    }
},
{
    "model": "auth.permission",
    "fields": {
        "name": "Can delete bootstrap4 grid column",
        "content_type": [
            "bootstrap4_grid",
            "bootstrap4gridcolumn"
        ],
        "codename": "delete_bootstrap4gridcolumn"
    }
},
{
    "model": "auth.permission",
    "fields": {
        "name": "Can add bootstrap4 grid container",
        "content_type": [
            "bootstrap4_grid",
            "bootstrap4gridcontainer"
        ],
        "codename": "add_bootstrap4gridcontainer"
    }
},
{
    "model": "auth.permission",
    "fields": {
        "name": "Can change bootstrap4 grid container",
        "content_type": [
            "bootstrap4_grid",
            "bootstrap4gridcontainer"
        ],
        "codename": "change_bootstrap4gridcontainer"
    }
},
{
    "model": "auth.permission",
    "fields": {
        "name": "Can delete bootstrap4 grid container",
        "content_type": [
            "bootstrap4_grid",
            "bootstrap4gridcontainer"
        ],
        "codename": "delete_bootstrap4gridcontainer"
    }
},
{
    "model": "auth.permission",
    "fields": {
        "name": "Can add bootstrap4 grid row",
        "content_type": [
            "bootstrap4_grid",
            "bootstrap4gridrow"
        ],
        "codename": "add_bootstrap4gridrow"
    }
},
{
    "model": "auth.permission",
    "fields": {
        "name": "Can change bootstrap4 grid row",
        "content_type": [
            "bootstrap4_grid",
            "bootstrap4gridrow"
        ],
        "codename": "change_bootstrap4gridrow"
    }
},
{
    "model": "auth.permission",
    "fields": {
        "name": "Can delete bootstrap4 grid row",
        "content_type": [
            "bootstrap4_grid",
            "bootstrap4gridrow"
        ],
        "codename": "delete_bootstrap4gridrow"
    }
},
{
    "model": "auth.permission",
    "fields": {
        "name": "Can add bootstrap4 jumbotron",
        "content_type": [
            "bootstrap4_jumbotron",
            "bootstrap4jumbotron"
        ],
        "codename": "add_bootstrap4jumbotron"
    }
},
{
    "model": "auth.permission",
    "fields": {
        "name": "Can change bootstrap4 jumbotron",
        "content_type": [
            "bootstrap4_jumbotron",
            "bootstrap4jumbotron"
        ],
        "codename": "change_bootstrap4jumbotron"
    }
},
{
    "model": "auth.permission",
    "fields": {
        "name": "Can delete bootstrap4 jumbotron",
        "content_type": [
            "bootstrap4_jumbotron",
            "bootstrap4jumbotron"
        ],
        "codename": "delete_bootstrap4jumbotron"
    }
},
{
    "model": "auth.permission",
    "fields": {
        "name": "Can add bootstrap4 link",
        "content_type": [
            "bootstrap4_link",
            "bootstrap4link"
        ],
        "codename": "add_bootstrap4link"
    }
},
{
    "model": "auth.permission",
    "fields": {
        "name": "Can change bootstrap4 link",
        "content_type": [
            "bootstrap4_link",
            "bootstrap4link"
        ],
        "codename": "change_bootstrap4link"
    }
},
{
    "model": "auth.permission",
    "fields": {
        "name": "Can delete bootstrap4 link",
        "content_type": [
            "bootstrap4_link",
            "bootstrap4link"
        ],
        "codename": "delete_bootstrap4link"
    }
},
{
    "model": "auth.permission",
    "fields": {
        "name": "Can add bootstrap4 list group",
        "content_type": [
            "bootstrap4_listgroup",
            "bootstrap4listgroup"
        ],
        "codename": "add_bootstrap4listgroup"
    }
},
{
    "model": "auth.permission",
    "fields": {
        "name": "Can change bootstrap4 list group",
        "content_type": [
            "bootstrap4_listgroup",
            "bootstrap4listgroup"
        ],
        "codename": "change_bootstrap4listgroup"
    }
},
{
    "model": "auth.permission",
    "fields": {
        "name": "Can delete bootstrap4 list group",
        "content_type": [
            "bootstrap4_listgroup",
            "bootstrap4listgroup"
        ],
        "codename": "delete_bootstrap4listgroup"
    }
},
{
    "model": "auth.permission",
    "fields": {
        "name": "Can add bootstrap4 list group item",
        "content_type": [
            "bootstrap4_listgroup",
            "bootstrap4listgroupitem"
        ],
        "codename": "add_bootstrap4listgroupitem"
    }
},
{
    "model": "auth.permission",
    "fields": {
        "name": "Can change bootstrap4 list group item",
        "content_type": [
            "bootstrap4_listgroup",
            "bootstrap4listgroupitem"
        ],
        "codename": "change_bootstrap4listgroupitem"
    }
},
{
    "model": "auth.permission",
    "fields": {
        "name": "Can delete bootstrap4 list group item",
        "content_type": [
            "bootstrap4_listgroup",
            "bootstrap4listgroupitem"
        ],
        "codename": "delete_bootstrap4listgroupitem"
    }
},
{
    "model": "auth.permission",
    "fields": {
        "name": "Can add bootstrap4 media",
        "content_type": [
            "bootstrap4_media",
            "bootstrap4media"
        ],
        "codename": "add_bootstrap4media"
    }
},
{
    "model": "auth.permission",
    "fields": {
        "name": "Can change bootstrap4 media",
        "content_type": [
            "bootstrap4_media",
            "bootstrap4media"
        ],
        "codename": "change_bootstrap4media"
    }
},
{
    "model": "auth.permission",
    "fields": {
        "name": "Can delete bootstrap4 media",
        "content_type": [
            "bootstrap4_media",
            "bootstrap4media"
        ],
        "codename": "delete_bootstrap4media"
    }
},
{
    "model": "auth.permission",
    "fields": {
        "name": "Can add bootstrap4 media body",
        "content_type": [
            "bootstrap4_media",
            "bootstrap4mediabody"
        ],
        "codename": "add_bootstrap4mediabody"
    }
},
{
    "model": "auth.permission",
    "fields": {
        "name": "Can change bootstrap4 media body",
        "content_type": [
            "bootstrap4_media",
            "bootstrap4mediabody"
        ],
        "codename": "change_bootstrap4mediabody"
    }
},
{
    "model": "auth.permission",
    "fields": {
        "name": "Can delete bootstrap4 media body",
        "content_type": [
            "bootstrap4_media",
            "bootstrap4mediabody"
        ],
        "codename": "delete_bootstrap4mediabody"
    }
},
{
    "model": "auth.permission",
    "fields": {
        "name": "Can add bootstrap4 picture",
        "content_type": [
            "bootstrap4_picture",
            "bootstrap4picture"
        ],
        "codename": "add_bootstrap4picture"
    }
},
{
    "model": "auth.permission",
    "fields": {
        "name": "Can change bootstrap4 picture",
        "content_type": [
            "bootstrap4_picture",
            "bootstrap4picture"
        ],
        "codename": "change_bootstrap4picture"
    }
},
{
    "model": "auth.permission",
    "fields": {
        "name": "Can delete bootstrap4 picture",
        "content_type": [
            "bootstrap4_picture",
            "bootstrap4picture"
        ],
        "codename": "delete_bootstrap4picture"
    }
},
{
    "model": "auth.permission",
    "fields": {
        "name": "Can add bootstrap4 tab",
        "content_type": [
            "bootstrap4_tabs",
            "bootstrap4tab"
        ],
        "codename": "add_bootstrap4tab"
    }
},
{
    "model": "auth.permission",
    "fields": {
        "name": "Can change bootstrap4 tab",
        "content_type": [
            "bootstrap4_tabs",
            "bootstrap4tab"
        ],
        "codename": "change_bootstrap4tab"
    }
},
{
    "model": "auth.permission",
    "fields": {
        "name": "Can delete bootstrap4 tab",
        "content_type": [
            "bootstrap4_tabs",
            "bootstrap4tab"
        ],
        "codename": "delete_bootstrap4tab"
    }
},
{
    "model": "auth.permission",
    "fields": {
        "name": "Can add bootstrap4 tab item",
        "content_type": [
            "bootstrap4_tabs",
            "bootstrap4tabitem"
        ],
        "codename": "add_bootstrap4tabitem"
    }
},
{
    "model": "auth.permission",
    "fields": {
        "name": "Can change bootstrap4 tab item",
        "content_type": [
            "bootstrap4_tabs",
            "bootstrap4tabitem"
        ],
        "codename": "change_bootstrap4tabitem"
    }
},
{
    "model": "auth.permission",
    "fields": {
        "name": "Can delete bootstrap4 tab item",
        "content_type": [
            "bootstrap4_tabs",
            "bootstrap4tabitem"
        ],
        "codename": "delete_bootstrap4tabitem"
    }
},
{
    "model": "auth.permission",
    "fields": {
        "name": "Can add bootstrap4 spacing",
        "content_type": [
            "bootstrap4_utilities",
            "bootstrap4spacing"
        ],
        "codename": "add_bootstrap4spacing"
    }
},
{
    "model": "auth.permission",
    "fields": {
        "name": "Can change bootstrap4 spacing",
        "content_type": [
            "bootstrap4_utilities",
            "bootstrap4spacing"
        ],
        "codename": "change_bootstrap4spacing"
    }
},
{
    "model": "auth.permission",
    "fields": {
        "name": "Can delete bootstrap4 spacing",
        "content_type": [
            "bootstrap4_utilities",
            "bootstrap4spacing"
        ],
        "codename": "delete_bootstrap4spacing"
    }
},
{
    "model": "auth.permission",
    "fields": {
        "name": "Can add poll plugin model",
        "content_type": [
            "polls_cms_integration",
            "pollpluginmodel"
        ],
        "codename": "add_pollpluginmodel"
    }
},
{
    "model": "auth.permission",
    "fields": {
        "name": "Can change poll plugin model",
        "content_type": [
            "polls_cms_integration",
            "pollpluginmodel"
        ],
        "codename": "change_pollpluginmodel"
    }
},
{
    "model": "auth.permission",
    "fields": {
        "name": "Can delete poll plugin model",
        "content_type": [
            "polls_cms_integration",
            "pollpluginmodel"
        ],
        "codename": "delete_pollpluginmodel"
    }
},
{
    "model": "auth.permission",
    "fields": {
        "name": "Can add choice",
        "content_type": [
            "polls",
            "choice"
        ],
        "codename": "add_choice"
    }
},
{
    "model": "auth.permission",
    "fields": {
        "name": "Can change choice",
        "content_type": [
            "polls",
            "choice"
        ],
        "codename": "change_choice"
    }
},
{
    "model": "auth.permission",
    "fields": {
        "name": "Can delete choice",
        "content_type": [
            "polls",
            "choice"
        ],
        "codename": "delete_choice"
    }
},
{
    "model": "auth.permission",
    "fields": {
        "name": "Can add poll",
        "content_type": [
            "polls",
            "poll"
        ],
        "codename": "add_poll"
    }
},
{
    "model": "auth.permission",
    "fields": {
        "name": "Can change poll",
        "content_type": [
            "polls",
            "poll"
        ],
        "codename": "change_poll"
    }
},
{
    "model": "auth.permission",
    "fields": {
        "name": "Can delete poll",
        "content_type": [
            "polls",
            "poll"
        ],
        "codename": "delete_poll"
    }
},
{
    "model": "auth.user",
    "fields": {
        "password": "pbkdf2_sha256$36000$aOJqAjuZ6gv1$zwBCs6l3AP1OJjOi7qiEC4GMzt5yriLsLFm0PdbJ4GY=",
        "last_login": "2018-09-07T13:06:08.347Z",
        "is_superuser": true,
        "username": "admin",
        "first_name": "",
        "last_name": "",
        "email": "",
        "is_staff": true,
        "is_active": true,
        "date_joined": "2018-07-03T11:06:39.419Z",
        "groups": [],
        "user_permissions": []
    }
},
{
    "model": "admin.logentry",
    "pk": 1,
    "fields": {
        "action_time": "2018-07-03T11:07:36.952Z",
        "user": [
            "admin"
        ],
        "content_type": [
            "cms",
            "page"
        ],
        "object_id": "3",
        "object_repr": "Our methods",
        "action_flag": 1,
        "change_message": "[{\"added\": {}}]"
    }
},
{
    "model": "admin.logentry",
    "pk": 2,
    "fields": {
        "action_time": "2018-07-03T11:07:52.975Z",
        "user": [
            "admin"
        ],
        "content_type": [
            "cms",
            "page"
        ],
        "object_id": "4",
        "object_repr": "All our opinion polls",
        "action_flag": 1,
        "change_message": "[{\"added\": {}}]"
    }
},
{
    "model": "admin.logentry",
    "pk": 3,
    "fields": {
        "action_time": "2018-07-03T11:28:16.064Z",
        "user": [
            "admin"
        ],
        "content_type": [
            "cms",
            "page"
        ],
        "object_id": "4",
        "object_repr": "All our opinion polls",
        "action_flag": 2,
        "change_message": "[{\"changed\": {\"fields\": [\"application_urls\", \"application_namespace\", \"xframe_options\"]}}]"
    }
},
{
    "model": "admin.logentry",
    "pk": 4,
    "fields": {
        "action_time": "2018-07-03T11:28:22.803Z",
        "user": [
            "admin"
        ],
        "content_type": [
            "cms",
            "page"
        ],
        "object_id": "4",
        "object_repr": "All our opinion polls",
        "action_flag": 2,
        "change_message": ""
    }
},
{
    "model": "admin.logentry",
    "pk": 5,
    "fields": {
        "action_time": "2018-07-03T11:28:57.672Z",
        "user": [
            "admin"
        ],
        "content_type": [
            "polls",
            "poll"
        ],
        "object_id": "1",
        "object_repr": "Your favourite browser",
        "action_flag": 1,
        "change_message": "[{\"added\": {}}, {\"added\": {\"name\": \"choice\", \"object\": \"Mosaic\"}}, {\"added\": {\"name\": \"choice\", \"object\": \"Netscape Navigator\"}}, {\"added\": {\"name\": \"choice\", \"object\": \"Lynx\"}}]"
    }
},
{
    "model": "admin.logentry",
    "pk": 6,
    "fields": {
        "action_time": "2018-07-03T11:30:16.004Z",
        "user": [
            "admin"
        ],
        "content_type": [
            "polls",
            "poll"
        ],
        "object_id": "1",
        "object_repr": "Your favourite browser",
        "action_flag": 2,
        "change_message": "[{\"changed\": {\"name\": \"choice\", \"object\": \"Mosaic\", \"fields\": [\"votes\"]}}, {\"changed\": {\"name\": \"choice\", \"object\": \"Netscape Navigator\", \"fields\": [\"votes\"]}}, {\"changed\": {\"name\": \"choice\", \"object\": \"Lynx\", \"fields\": [\"votes\"]}}]"
    }
},
{
    "model": "admin.logentry",
    "pk": 7,
    "fields": {
        "action_time": "2018-07-03T11:30:44.640Z",
        "user": [
            "admin"
        ],
        "content_type": [
            "polls",
            "poll"
        ],
        "object_id": "2",
        "object_repr": "Your place or mine?",
        "action_flag": 1,
        "change_message": "[{\"added\": {}}, {\"added\": {\"name\": \"choice\", \"object\": \"Yours\"}}, {\"added\": {\"name\": \"choice\", \"object\": \"Mine\"}}]"
    }
},
{
    "model": "admin.logentry",
    "pk": 8,
    "fields": {
        "action_time": "2018-07-03T11:31:21.215Z",
        "user": [
            "admin"
        ],
        "content_type": [
            "polls",
            "poll"
        ],
        "object_id": "3",
        "object_repr": "Country or western",
        "action_flag": 1,
        "change_message": "[{\"added\": {}}, {\"added\": {\"name\": \"choice\", \"object\": \"Country\"}}, {\"added\": {\"name\": \"choice\", \"object\": \"Western\"}}, {\"added\": {\"name\": \"choice\", \"object\": \"Both\"}}]"
    }
},
{
    "model": "admin.logentry",
    "pk": 9,
    "fields": {
        "action_time": "2018-07-03T11:32:50.069Z",
        "user": [
            "admin"
        ],
        "content_type": [
            "polls",
            "poll"
        ],
        "object_id": "4",
        "object_repr": "Teen heartthrob",
        "action_flag": 1,
        "change_message": "[{\"added\": {}}, {\"added\": {\"name\": \"choice\", \"object\": \"Ralf\"}}]"
    }
},
{
    "model": "admin.logentry",
    "pk": 10,
    "fields": {
        "action_time": "2018-07-03T11:33:42.449Z",
        "user": [
            "admin"
        ],
        "content_type": [
            "polls",
            "poll"
        ],
        "object_id": "4",
        "object_repr": "Teen heartthrob",
        "action_flag": 2,
        "change_message": "[{\"added\": {\"name\": \"choice\", \"object\": \"Florian\"}}, {\"added\": {\"name\": \"choice\", \"object\": \"Wolfgang\"}}, {\"added\": {\"name\": \"choice\", \"object\": \"Karl\"}}, {\"changed\": {\"name\": \"choice\", \"object\": \"Ralf\", \"fields\": [\"votes\"]}}]"
    }
},
{
    "model": "admin.logentry",
    "pk": 11,
    "fields": {
        "action_time": "2018-07-03T11:34:52.105Z",
        "user": [
            "admin"
        ],
        "content_type": [
            "polls",
            "poll"
        ],
        "object_id": "5",
        "object_repr": "Choose a topic",
        "action_flag": 1,
        "change_message": "[{\"added\": {}}, {\"added\": {\"name\": \"choice\", \"object\": \"Sports\"}}, {\"added\": {\"name\": \"choice\", \"object\": \"Music\"}}, {\"added\": {\"name\": \"choice\", \"object\": \"Dance\"}}, {\"added\": {\"name\": \"choice\", \"object\": \"Theatre\"}}, {\"added\": {\"name\": \"choice\", \"object\": \"Visual art\"}}]"
    }
},
{
    "model": "admin.logentry",
    "pk": 12,
    "fields": {
        "action_time": "2018-07-03T11:34:55.130Z",
        "user": [
            "admin"
        ],
        "content_type": [
            "polls",
            "poll"
        ],
        "object_id": "5",
        "object_repr": "Choose a topic",
        "action_flag": 2,
        "change_message": "[{\"deleted\": {\"name\": \"choice\", \"object\": \"Sports\"}}]"
    }
},
{
    "model": "admin.logentry",
    "pk": 13,
    "fields": {
        "action_time": "2018-07-03T12:22:37.842Z",
        "user": [
            "admin"
        ],
        "content_type": [
            "polls",
            "poll"
        ],
        "object_id": "4",
        "object_repr": "Your teen heartthrob",
        "action_flag": 2,
        "change_message": "[{\"changed\": {\"fields\": [\"question\"]}}]"
    }
},
{
    "model": "admin.logentry",
    "pk": 14,
    "fields": {
        "action_time": "2018-07-03T12:22:58.192Z",
        "user": [
            "admin"
        ],
        "content_type": [
            "cms",
            "page"
        ],
        "object_id": "1",
        "object_repr": "The Opinions Company",
        "action_flag": 2,
        "change_message": ""
    }
},
{
    "model": "admin.logentry",
    "pk": 15,
    "fields": {
        "action_time": "2018-07-03T12:24:13.171Z",
        "user": [
            "admin"
        ],
        "content_type": [
            "djangocms_text_ckeditor",
            "text"
        ],
        "object_id": "32",
        "object_repr": "They're totally great,...",
        "action_flag": 3,
        "change_message": ""
    }
},
{
    "model": "admin.logentry",
    "pk": 16,
    "fields": {
        "action_time": "2018-07-03T12:24:45.314Z",
        "user": [
            "admin"
        ],
        "content_type": [
            "djangocms_text_ckeditor",
            "text"
        ],
        "object_id": "44",
        "object_repr": "They're totally great,...",
        "action_flag": 3,
        "change_message": ""
    }
},
{
    "model": "admin.logentry",
    "pk": 17,
    "fields": {
        "action_time": "2018-07-03T12:25:54.675Z",
        "user": [
            "admin"
        ],
        "content_type": [
            "polls",
            "poll"
        ],
        "object_id": "5",
        "object_repr": "We need more...",
        "action_flag": 2,
        "change_message": "[{\"changed\": {\"fields\": [\"question\"]}}]"
    }
},
{
    "model": "admin.logentry",
    "pk": 18,
    "fields": {
        "action_time": "2018-07-03T12:26:07.966Z",
        "user": [
            "admin"
        ],
        "content_type": [
            "polls",
            "poll"
        ],
        "object_id": "6",
        "object_repr": "Choose a topic",
        "action_flag": 1,
        "change_message": "[{\"added\": {}}, {\"added\": {\"name\": \"choice\", \"object\": \"POlitics\"}}]"
    }
},
{
    "model": "admin.logentry",
    "pk": 19,
    "fields": {
        "action_time": "2018-07-03T12:26:28.808Z",
        "user": [
            "admin"
        ],
        "content_type": [
            "polls",
            "poll"
        ],
        "object_id": "6",
        "object_repr": "Choose a topic",
        "action_flag": 2,
        "change_message": "[{\"added\": {\"name\": \"choice\", \"object\": \"Technology\"}}, {\"added\": {\"name\": \"choice\", \"object\": \"Culture\"}}, {\"added\": {\"name\": \"choice\", \"object\": \"Science\"}}, {\"changed\": {\"name\": \"choice\", \"object\": \"Politics\", \"fields\": [\"choice_text\"]}}]"
    }
},
{
    "model": "admin.logentry",
    "pk": 20,
    "fields": {
        "action_time": "2018-07-03T12:26:46.109Z",
        "user": [
            "admin"
        ],
        "content_type": [
            "djangocms_text_ckeditor",
            "text"
        ],
        "object_id": "50",
        "object_repr": "They're totally great,...",
        "action_flag": 3,
        "change_message": ""
    }
},
{
    "model": "admin.logentry",
    "pk": 21,
    "fields": {
        "action_time": "2018-07-03T12:31:51.401Z",
        "user": [
            "admin"
        ],
        "content_type": [
            "filer",
            "image"
        ],
        "object_id": "4",
        "object_repr": "South poll ice cap",
        "action_flag": 2,
        "change_message": "[{\"changed\": {\"fields\": [\"name\", \"subject_location\"]}}]"
    }
},
{
    "model": "admin.logentry",
    "pk": 22,
    "fields": {
        "action_time": "2018-07-03T12:32:02.893Z",
        "user": [
            "admin"
        ],
        "content_type": [
            "filer",
            "image"
        ],
        "object_id": "2",
        "object_repr": "North pole (Mercator map)",
        "action_flag": 2,
        "change_message": "[{\"changed\": {\"fields\": [\"name\", \"subject_location\"]}}]"
    }
},
{
    "model": "admin.logentry",
    "pk": 23,
    "fields": {
        "action_time": "2018-07-03T12:32:14.190Z",
        "user": [
            "admin"
        ],
        "content_type": [
            "filer",
            "image"
        ],
        "object_id": "3",
        "object_repr": "South pole",
        "action_flag": 2,
        "change_message": "[{\"changed\": {\"fields\": [\"name\", \"subject_location\"]}}]"
    }
},
{
    "model": "admin.logentry",
    "pk": 24,
    "fields": {
        "action_time": "2018-07-03T12:32:28.285Z",
        "user": [
            "admin"
        ],
        "content_type": [
            "filer",
            "image"
        ],
        "object_id": "1",
        "object_repr": "North pole",
        "action_flag": 2,
        "change_message": "[{\"changed\": {\"fields\": [\"name\", \"subject_location\"]}}]"
    }
},
{
    "model": "admin.logentry",
    "pk": 25,
    "fields": {
        "action_time": "2018-07-03T12:40:35.440Z",
        "user": [
            "admin"
        ],
        "content_type": [
            "cms",
            "page"
        ],
        "object_id": "3",
        "object_repr": "Our methods",
        "action_flag": 2,
        "change_message": ""
    }
},
{
    "model": "admin.logentry",
    "pk": 26,
    "fields": {
        "action_time": "2018-07-03T12:41:03.419Z",
        "user": [
            "admin"
        ],
        "content_type": [
            "cms",
            "page"
        ],
        "object_id": "1",
        "object_repr": "The Opinions Company",
        "action_flag": 2,
        "change_message": ""
    }
},
{
    "model": "admin.logentry",
    "pk": 27,
    "fields": {
        "action_time": "2018-07-04T13:28:27.281Z",
        "user": [
            "admin"
        ],
        "content_type": [
            "sites",
            "site"
        ],
        "object_id": "1",
        "object_repr": "example.com",
        "action_flag": 2,
        "change_message": "[{\"changed\": {\"fields\": [\"name\"]}}]"
    }
},
{
    "model": "admin.logentry",
    "pk": 28,
    "fields": {
        "action_time": "2018-07-04T13:57:13.447Z",
        "user": [
            "admin"
        ],
        "content_type": [
            "sites",
            "site"
        ],
        "object_id": "1",
        "object_repr": "example.com",
        "action_flag": 2,
        "change_message": "[]"
    }
},
{
    "model": "admin.logentry",
    "pk": 29,
    "fields": {
        "action_time": "2018-07-05T06:19:20.341Z",
        "user": [
            "admin"
        ],
        "content_type": [
            "cms",
            "page"
        ],
        "object_id": "7",
        "object_repr": "Footer",
        "action_flag": 1,
        "change_message": "[{\"added\": {}}]"
    }
},
{
    "model": "admin.logentry",
    "pk": 30,
    "fields": {
        "action_time": "2018-07-05T06:19:25.741Z",
        "user": [
            "admin"
        ],
        "content_type": [
            "cms",
            "page"
        ],
        "object_id": "7",
        "object_repr": "Footer",
        "action_flag": 2,
        "change_message": "[{\"changed\": {\"fields\": [\"reverse_id\", \"xframe_options\"]}}]"
    }
},
{
    "model": "admin.logentry",
    "pk": 31,
    "fields": {
        "action_time": "2018-07-05T06:19:37.839Z",
        "user": [
            "admin"
        ],
        "content_type": [
            "cms",
            "page"
        ],
        "object_id": "8",
        "object_repr": "Terms of Service",
        "action_flag": 1,
        "change_message": "[{\"added\": {}}]"
    }
},
{
    "model": "admin.logentry",
    "pk": 32,
    "fields": {
        "action_time": "2018-07-05T06:19:43.711Z",
        "user": [
            "admin"
        ],
        "content_type": [
            "cms",
            "page"
        ],
        "object_id": "9",
        "object_repr": "Contact",
        "action_flag": 1,
        "change_message": "[{\"added\": {}}]"
    }
},
{
    "model": "admin.logentry",
    "pk": 33,
    "fields": {
        "action_time": "2018-07-05T06:19:52.791Z",
        "user": [
            "admin"
        ],
        "content_type": [
            "cms",
            "page"
        ],
        "object_id": "7",
        "object_repr": "Footer",
        "action_flag": 2,
        "change_message": ""
    }
},
{
    "model": "admin.logentry",
    "pk": 34,
    "fields": {
        "action_time": "2018-07-05T06:19:54.886Z",
        "user": [
            "admin"
        ],
        "content_type": [
            "cms",
            "page"
        ],
        "object_id": "9",
        "object_repr": "Contact",
        "action_flag": 2,
        "change_message": ""
    }
},
{
    "model": "admin.logentry",
    "pk": 35,
    "fields": {
        "action_time": "2018-07-05T06:19:56.647Z",
        "user": [
            "admin"
        ],
        "content_type": [
            "cms",
            "page"
        ],
        "object_id": "8",
        "object_repr": "Terms of Service",
        "action_flag": 2,
        "change_message": ""
    }
},
{
    "model": "admin.logentry",
    "pk": 36,
    "fields": {
        "action_time": "2018-07-05T06:20:01.667Z",
        "user": [
            "admin"
        ],
        "content_type": [
            "cms",
            "page"
        ],
        "object_id": "7",
        "object_repr": "Footer",
        "action_flag": 2,
        "change_message": ""
    }
},
{
    "model": "admin.logentry",
    "pk": 37,
    "fields": {
        "action_time": "2018-07-05T06:37:42.583Z",
        "user": [
            "admin"
        ],
        "content_type": [
            "sites",
            "site"
        ],
        "object_id": "1",
        "object_repr": "example.com",
        "action_flag": 2,
        "change_message": "[]"
    }
},
{
    "model": "admin.logentry",
    "pk": 38,
    "fields": {
        "action_time": "2018-07-05T06:52:19.048Z",
        "user": [
            "admin"
        ],
        "content_type": [
            "bootstrap4_grid",
            "bootstrap4gridcolumn"
        ],
        "object_id": "150",
        "object_repr": "150",
        "action_flag": 3,
        "change_message": ""
    }
},
{
    "model": "admin.logentry",
    "pk": 39,
    "fields": {
        "action_time": "2018-07-05T06:52:22.302Z",
        "user": [
            "admin"
        ],
        "content_type": [
            "bootstrap4_grid",
            "bootstrap4gridcolumn"
        ],
        "object_id": "151",
        "object_repr": "151",
        "action_flag": 3,
        "change_message": ""
    }
},
{
    "model": "admin.logentry",
    "pk": 40,
    "fields": {
        "action_time": "2018-07-05T07:39:37.544Z",
        "user": [
            "admin"
        ],
        "content_type": [
            "bootstrap4_jumbotron",
            "bootstrap4jumbotron"
        ],
        "object_id": "1",
        "object_repr": "1",
        "action_flag": 3,
        "change_message": ""
    }
},
{
    "model": "admin.logentry",
    "pk": 41,
    "fields": {
        "action_time": "2018-07-05T07:40:36.455Z",
        "user": [
            "admin"
        ],
        "content_type": [
            "bootstrap4_grid",
            "bootstrap4gridrow"
        ],
        "object_id": "3",
        "object_repr": "3",
        "action_flag": 3,
        "change_message": ""
    }
},
{
    "model": "admin.logentry",
    "pk": 42,
    "fields": {
        "action_time": "2018-07-05T07:45:48.664Z",
        "user": [
            "admin"
        ],
        "content_type": [
            "bootstrap4_grid",
            "bootstrap4gridrow"
        ],
        "object_id": "21",
        "object_repr": "21",
        "action_flag": 3,
        "change_message": ""
    }
},
{
    "model": "admin.logentry",
    "pk": 43,
    "fields": {
        "action_time": "2018-07-05T07:53:54.218Z",
        "user": [
            "admin"
        ],
        "content_type": [
            "cms",
            "page"
        ],
        "object_id": "1",
        "object_repr": "The Opinions Company",
        "action_flag": 2,
        "change_message": ""
    }
},
{
    "model": "admin.logentry",
    "pk": 44,
    "fields": {
        "action_time": "2018-07-05T07:55:36.736Z",
        "user": [
            "admin"
        ],
        "content_type": [
            "djangocms_text_ckeditor",
            "text"
        ],
        "object_id": "203",
        "object_repr": "asdfasdf",
        "action_flag": 3,
        "change_message": ""
    }
},
{
    "model": "admin.logentry",
    "pk": 45,
    "fields": {
        "action_time": "2018-07-05T08:16:11.243Z",
        "user": [
            "admin"
        ],
        "content_type": [
            "djangocms_text_ckeditor",
            "text"
        ],
        "object_id": "51",
        "object_repr": "Maecenas nec ex...",
        "action_flag": 3,
        "change_message": ""
    }
},
{
    "model": "admin.logentry",
    "pk": 46,
    "fields": {
        "action_time": "2018-07-05T08:17:24.698Z",
        "user": [
            "admin"
        ],
        "content_type": [
            "bootstrap4_utilities",
            "bootstrap4spacing"
        ],
        "object_id": "208",
        "object_repr": "208",
        "action_flag": 3,
        "change_message": ""
    }
},
{
    "model": "admin.logentry",
    "pk": 47,
    "fields": {
        "action_time": "2018-07-05T08:18:08.380Z",
        "user": [
            "admin"
        ],
        "content_type": [
            "bootstrap4_grid",
            "bootstrap4gridrow"
        ],
        "object_id": "224",
        "object_repr": "224",
        "action_flag": 3,
        "change_message": ""
    }
},
{
    "model": "admin.logentry",
    "pk": 48,
    "fields": {
        "action_time": "2018-07-05T08:19:38.442Z",
        "user": [
            "admin"
        ],
        "content_type": [
            "cms",
            "page"
        ],
        "object_id": "3",
        "object_repr": "Our methods",
        "action_flag": 2,
        "change_message": ""
    }
},
{
    "model": "admin.logentry",
    "pk": 49,
    "fields": {
        "action_time": "2018-07-05T08:20:33.070Z",
        "user": [
            "admin"
        ],
        "content_type": [
            "cms",
            "page"
        ],
        "object_id": "3",
        "object_repr": "Our methods",
        "action_flag": 2,
        "change_message": ""
    }
},
{
    "model": "admin.logentry",
    "pk": 50,
    "fields": {
        "action_time": "2018-07-05T08:25:55.361Z",
        "user": [
            "admin"
        ],
        "content_type": [
            "cms",
            "page"
        ],
        "object_id": "1",
        "object_repr": "The Opinions Company",
        "action_flag": 2,
        "change_message": ""
    }
},
{
    "model": "admin.logentry",
    "pk": 51,
    "fields": {
        "action_time": "2018-07-05T08:27:32.140Z",
        "user": [
            "admin"
        ],
        "content_type": [
            "cms",
            "page"
        ],
        "object_id": "9",
        "object_repr": "Contact",
        "action_flag": 2,
        "change_message": ""
    }
},
{
    "model": "admin.logentry",
    "pk": 52,
    "fields": {
        "action_time": "2018-07-05T08:28:00.744Z",
        "user": [
            "admin"
        ],
        "content_type": [
            "cms",
            "page"
        ],
        "object_id": "8",
        "object_repr": "Terms of Service",
        "action_flag": 2,
        "change_message": ""
    }
},
{
    "model": "admin.logentry",
    "pk": 53,
    "fields": {
        "action_time": "2018-07-05T08:28:34.312Z",
        "user": [
            "admin"
        ],
        "content_type": [
            "cms",
            "page"
        ],
        "object_id": "1",
        "object_repr": "The Opinions Company",
        "action_flag": 2,
        "change_message": ""
    }
},
{
    "model": "admin.logentry",
    "pk": 54,
    "fields": {
        "action_time": "2018-07-05T08:35:34.254Z",
        "user": [
            "admin"
        ],
        "content_type": [
            "cms",
            "page"
        ],
        "object_id": "1",
        "object_repr": "The Opinions Company",
        "action_flag": 2,
        "change_message": ""
    }
},
{
    "model": "cms.usersettings",
    "pk": 1,
    "fields": {
        "user": [
            "admin"
        ],
        "language": "en",
        "clipboard": 1
    }
},
{
    "model": "filer.folder",
    "pk": 1,
    "fields": {
        "parent": null,
        "name": "Poles",
        "owner": [
            "admin"
        ],
        "uploaded_at": "2018-07-03T12:31:13.143Z",
        "created_at": "2018-07-03T12:31:13.143Z",
        "modified_at": "2018-07-03T12:31:13.143Z",
        "lft": 1,
        "rght": 2,
        "tree_id": 1,
        "level": 0
    }
},
{
    "model": "filer.file",
    "pk": 1,
    "fields": {
        "polymorphic_ctype": [
            "filer",
            "image"
        ],
        "folder": 1,
        "file": "filer_public/b8/fe/b8feffdf-e63f-4160-a90b-5a1cc9b758ae/arctic_ocean.png",
        "_file_size": 14541,
        "sha1": "23265d7ffe9918363fee7c9fc08a76046d7a6e40",
        "has_all_mandatory_data": true,
        "original_filename": "Arctic_Ocean.png",
        "name": "North pole",
        "description": "",
        "owner": [
            "admin"
        ],
        "uploaded_at": "2018-07-03T12:31:17.585Z",
        "modified_at": "2018-07-03T12:32:28.283Z",
        "is_public": true
    }
},
{
    "model": "filer.file",
    "pk": 2,
    "fields": {
        "polymorphic_ctype": [
            "filer",
            "image"
        ],
        "folder": 1,
        "file": "filer_public/46/26/4626b447-95a0-44a8-abd2-fc833435b441/mercator_north_pole_1595.jpg",
        "_file_size": 166017,
        "sha1": "558c49132aec4a819a842a80b8a65b0be4cffb6a",
        "has_all_mandatory_data": true,
        "original_filename": "Mercator_north_pole_1595.jpg",
        "name": "North pole (Mercator map)",
        "description": "",
        "owner": [
            "admin"
        ],
        "uploaded_at": "2018-07-03T12:31:24.927Z",
        "modified_at": "2018-07-03T12:32:02.891Z",
        "is_public": true
    }
},
{
    "model": "filer.file",
    "pk": 3,
    "fields": {
        "polymorphic_ctype": [
            "filer",
            "image"
        ],
        "folder": 1,
        "file": "filer_public/83/67/8367547b-d331-4e88-93e8-df80bf03eecc/pole-south.gif",
        "_file_size": 11423,
        "sha1": "5bc60664b22b886c66923782f507885c660603c2",
        "has_all_mandatory_data": true,
        "original_filename": "Pole-south.gif",
        "name": "South pole",
        "description": "",
        "owner": [
            "admin"
        ],
        "uploaded_at": "2018-07-03T12:31:27.241Z",
        "modified_at": "2018-07-03T12:32:14.188Z",
        "is_public": true
    }
},
{
    "model": "filer.file",
    "pk": 4,
    "fields": {
        "polymorphic_ctype": [
            "filer",
            "image"
        ],
        "folder": 1,
        "file": "filer_public/cc/d1/ccd1570b-1adb-4240-b4f5-fba7626613bc/660px-antarctica_6400px_from_blue_marble.jpg",
        "_file_size": 61398,
        "sha1": "48b66efc79e8515437239da160b0138f9994bd2c",
        "has_all_mandatory_data": true,
        "original_filename": "660px-Antarctica_6400px_from_Blue_Marble.jpg",
        "name": "South poll ice cap",
        "description": "",
        "owner": [
            "admin"
        ],
        "uploaded_at": "2018-07-03T12:31:33.820Z",
        "modified_at": "2018-07-03T12:31:51.399Z",
        "is_public": true
    }
},
{
    "model": "filer.clipboard",
    "pk": 1,
    "fields": {
        "user": [
            "admin"
        ]
    }
},
{
    "model": "filer.image",
    "pk": 1,
    "fields": {
        "_height": 330,
        "_width": 329,
        "default_alt_text": null,
        "default_caption": null,
        "subject_location": "165,165",
        "date_taken": "2018-07-03T12:31:17.583Z",
        "author": null,
        "must_always_publish_author_credit": false,
        "must_always_publish_copyright": false
    }
},
{
    "model": "filer.image",
    "pk": 2,
    "fields": {
        "_height": 567,
        "_width": 600,
        "default_alt_text": null,
        "default_caption": null,
        "subject_location": "0,0",
        "date_taken": "2018-07-03T12:31:24.924Z",
        "author": null,
        "must_always_publish_author_credit": false,
        "must_always_publish_copyright": false
    }
},
{
    "model": "filer.image",
    "pk": 3,
    "fields": {
        "_height": 330,
        "_width": 330,
        "default_alt_text": null,
        "default_caption": null,
        "subject_location": "165,165",
        "date_taken": "2018-07-03T12:31:27.238Z",
        "author": null,
        "must_always_publish_author_credit": false,
        "must_always_publish_copyright": false
    }
},
{
    "model": "filer.image",
    "pk": 4,
    "fields": {
        "_height": 660,
        "_width": 660,
        "default_alt_text": null,
        "default_caption": null,
        "subject_location": "330,330",
        "date_taken": "2018-07-03T12:31:33.818Z",
        "author": null,
        "must_always_publish_author_credit": false,
        "must_always_publish_copyright": false
    }
}
]
