[
{
    "model": "contenttypes.contenttype",
    "pk": 1,
    "fields": {
        "app_label": "cms",
        "model": "placeholder"
    }
},
{
    "model": "contenttypes.contenttype",
    "pk": 2,
    "fields": {
        "app_label": "cms",
        "model": "page"
    }
},
{
    "model": "contenttypes.contenttype",
    "pk": 3,
    "fields": {
        "app_label": "auth",
        "model": "permission"
    }
},
{
    "model": "contenttypes.contenttype",
    "pk": 4,
    "fields": {
        "app_label": "auth",
        "model": "group"
    }
},
{
    "model": "contenttypes.contenttype",
    "pk": 5,
    "fields": {
        "app_label": "auth",
        "model": "user"
    }
},
{
    "model": "contenttypes.contenttype",
    "pk": 6,
    "fields": {
        "app_label": "contenttypes",
        "model": "contenttype"
    }
},
{
    "model": "contenttypes.contenttype",
    "pk": 7,
    "fields": {
        "app_label": "sessions",
        "model": "session"
    }
},
{
    "model": "contenttypes.contenttype",
    "pk": 8,
    "fields": {
        "app_label": "admin",
        "model": "logentry"
    }
},
{
    "model": "contenttypes.contenttype",
    "pk": 9,
    "fields": {
        "app_label": "sites",
        "model": "site"
    }
},
{
    "model": "contenttypes.contenttype",
    "pk": 10,
    "fields": {
        "app_label": "cms",
        "model": "cmsplugin"
    }
},
{
    "model": "contenttypes.contenttype",
    "pk": 11,
    "fields": {
        "app_label": "cms",
        "model": "aliaspluginmodel"
    }
},
{
    "model": "contenttypes.contenttype",
    "pk": 12,
    "fields": {
        "app_label": "cms",
        "model": "globalpagepermission"
    }
},
{
    "model": "contenttypes.contenttype",
    "pk": 13,
    "fields": {
        "app_label": "cms",
        "model": "pagepermission"
    }
},
{
    "model": "contenttypes.contenttype",
    "pk": 14,
    "fields": {
        "app_label": "cms",
        "model": "pageuser"
    }
},
{
    "model": "contenttypes.contenttype",
    "pk": 15,
    "fields": {
        "app_label": "cms",
        "model": "pageusergroup"
    }
},
{
    "model": "contenttypes.contenttype",
    "pk": 16,
    "fields": {
        "app_label": "cms",
        "model": "placeholderreference"
    }
},
{
    "model": "contenttypes.contenttype",
    "pk": 17,
    "fields": {
        "app_label": "cms",
        "model": "staticplaceholder"
    }
},
{
    "model": "contenttypes.contenttype",
    "pk": 18,
    "fields": {
        "app_label": "cms",
        "model": "title"
    }
},
{
    "model": "contenttypes.contenttype",
    "pk": 19,
    "fields": {
        "app_label": "cms",
        "model": "usersettings"
    }
},
{
    "model": "contenttypes.contenttype",
    "pk": 20,
    "fields": {
        "app_label": "cms",
        "model": "urlconfrevision"
    }
},
{
    "model": "contenttypes.contenttype",
    "pk": 21,
    "fields": {
        "app_label": "cms",
        "model": "treenode"
    }
},
{
    "model": "contenttypes.contenttype",
    "pk": 22,
    "fields": {
        "app_label": "cms",
        "model": "pagetype"
    }
},
{
    "model": "contenttypes.contenttype",
    "pk": 23,
    "fields": {
        "app_label": "menus",
        "model": "cachekey"
    }
},
{
    "model": "contenttypes.contenttype",
    "pk": 24,
    "fields": {
        "app_label": "djangocms_text_ckeditor",
        "model": "text"
    }
},
{
    "model": "contenttypes.contenttype",
    "pk": 25,
    "fields": {
        "app_label": "filer",
        "model": "clipboard"
    }
},
{
    "model": "contenttypes.contenttype",
    "pk": 26,
    "fields": {
        "app_label": "filer",
        "model": "clipboarditem"
    }
},
{
    "model": "contenttypes.contenttype",
    "pk": 27,
    "fields": {
        "app_label": "filer",
        "model": "file"
    }
},
{
    "model": "contenttypes.contenttype",
    "pk": 28,
    "fields": {
        "app_label": "filer",
        "model": "folder"
    }
},
{
    "model": "contenttypes.contenttype",
    "pk": 29,
    "fields": {
        "app_label": "filer",
        "model": "folderpermission"
    }
},
{
    "model": "contenttypes.contenttype",
    "pk": 30,
    "fields": {
        "app_label": "filer",
        "model": "image"
    }
},
{
    "model": "contenttypes.contenttype",
    "pk": 31,
    "fields": {
        "app_label": "filer",
        "model": "thumbnailoption"
    }
},
{
    "model": "contenttypes.contenttype",
    "pk": 32,
    "fields": {
        "app_label": "easy_thumbnails",
        "model": "source"
    }
},
{
    "model": "contenttypes.contenttype",
    "pk": 33,
    "fields": {
        "app_label": "easy_thumbnails",
        "model": "thumbnail"
    }
},
{
    "model": "contenttypes.contenttype",
    "pk": 34,
    "fields": {
        "app_label": "easy_thumbnails",
        "model": "thumbnaildimensions"
    }
},
{
    "model": "contenttypes.contenttype",
    "pk": 35,
    "fields": {
        "app_label": "djangocms_file",
        "model": "file"
    }
},
{
    "model": "contenttypes.contenttype",
    "pk": 36,
    "fields": {
        "app_label": "djangocms_file",
        "model": "folder"
    }
},
{
    "model": "contenttypes.contenttype",
    "pk": 37,
    "fields": {
        "app_label": "djangocms_link",
        "model": "link"
    }
},
{
    "model": "contenttypes.contenttype",
    "pk": 38,
    "fields": {
        "app_label": "djangocms_picture",
        "model": "picture"
    }
},
{
    "model": "contenttypes.contenttype",
    "pk": 39,
    "fields": {
        "app_label": "djangocms_style",
        "model": "style"
    }
},
{
    "model": "contenttypes.contenttype",
    "pk": 40,
    "fields": {
        "app_label": "djangocms_snippet",
        "model": "snippet"
    }
},
{
    "model": "contenttypes.contenttype",
    "pk": 41,
    "fields": {
        "app_label": "djangocms_snippet",
        "model": "snippetptr"
    }
},
{
    "model": "contenttypes.contenttype",
    "pk": 42,
    "fields": {
        "app_label": "djangocms_googlemap",
        "model": "googlemap"
    }
},
{
    "model": "contenttypes.contenttype",
    "pk": 43,
    "fields": {
        "app_label": "djangocms_googlemap",
        "model": "googlemapmarker"
    }
},
{
    "model": "contenttypes.contenttype",
    "pk": 44,
    "fields": {
        "app_label": "djangocms_googlemap",
        "model": "googlemaproute"
    }
},
{
    "model": "contenttypes.contenttype",
    "pk": 45,
    "fields": {
        "app_label": "djangocms_video",
        "model": "videoplayer"
    }
},
{
    "model": "contenttypes.contenttype",
    "pk": 46,
    "fields": {
        "app_label": "djangocms_video",
        "model": "videosource"
    }
},
{
    "model": "contenttypes.contenttype",
    "pk": 47,
    "fields": {
        "app_label": "djangocms_video",
        "model": "videotrack"
    }
},
{
    "model": "contenttypes.contenttype",
    "pk": 48,
    "fields": {
        "app_label": "djangocms_icon",
        "model": "icon"
    }
},
{
    "model": "contenttypes.contenttype",
    "pk": 49,
    "fields": {
        "app_label": "bootstrap4_alerts",
        "model": "bootstrap4alerts"
    }
},
{
    "model": "contenttypes.contenttype",
    "pk": 50,
    "fields": {
        "app_label": "bootstrap4_badge",
        "model": "bootstrap4badge"
    }
},
{
    "model": "contenttypes.contenttype",
    "pk": 51,
    "fields": {
        "app_label": "bootstrap4_card",
        "model": "bootstrap4card"
    }
},
{
    "model": "contenttypes.contenttype",
    "pk": 52,
    "fields": {
        "app_label": "bootstrap4_card",
        "model": "bootstrap4cardinner"
    }
},
{
    "model": "contenttypes.contenttype",
    "pk": 53,
    "fields": {
        "app_label": "bootstrap4_carousel",
        "model": "bootstrap4carousel"
    }
},
{
    "model": "contenttypes.contenttype",
    "pk": 54,
    "fields": {
        "app_label": "bootstrap4_carousel",
        "model": "bootstrap4carouselslide"
    }
},
{
    "model": "contenttypes.contenttype",
    "pk": 55,
    "fields": {
        "app_label": "bootstrap4_collapse",
        "model": "bootstrap4collapse"
    }
},
{
    "model": "contenttypes.contenttype",
    "pk": 56,
    "fields": {
        "app_label": "bootstrap4_collapse",
        "model": "bootstrap4collapsecontainer"
    }
},
{
    "model": "contenttypes.contenttype",
    "pk": 57,
    "fields": {
        "app_label": "bootstrap4_collapse",
        "model": "bootstrap4collapsetrigger"
    }
},
{
    "model": "contenttypes.contenttype",
    "pk": 58,
    "fields": {
        "app_label": "bootstrap4_content",
        "model": "bootstrap4blockquote"
    }
},
{
    "model": "contenttypes.contenttype",
    "pk": 59,
    "fields": {
        "app_label": "bootstrap4_content",
        "model": "bootstrap4code"
    }
},
{
    "model": "contenttypes.contenttype",
    "pk": 60,
    "fields": {
        "app_label": "bootstrap4_content",
        "model": "bootstrap4figure"
    }
},
{
    "model": "contenttypes.contenttype",
    "pk": 61,
    "fields": {
        "app_label": "bootstrap4_grid",
        "model": "bootstrap4gridcolumn"
    }
},
{
    "model": "contenttypes.contenttype",
    "pk": 62,
    "fields": {
        "app_label": "bootstrap4_grid",
        "model": "bootstrap4gridcontainer"
    }
},
{
    "model": "contenttypes.contenttype",
    "pk": 63,
    "fields": {
        "app_label": "bootstrap4_grid",
        "model": "bootstrap4gridrow"
    }
},
{
    "model": "contenttypes.contenttype",
    "pk": 64,
    "fields": {
        "app_label": "bootstrap4_jumbotron",
        "model": "bootstrap4jumbotron"
    }
},
{
    "model": "contenttypes.contenttype",
    "pk": 65,
    "fields": {
        "app_label": "bootstrap4_link",
        "model": "bootstrap4link"
    }
},
{
    "model": "contenttypes.contenttype",
    "pk": 66,
    "fields": {
        "app_label": "bootstrap4_listgroup",
        "model": "bootstrap4listgroup"
    }
},
{
    "model": "contenttypes.contenttype",
    "pk": 67,
    "fields": {
        "app_label": "bootstrap4_listgroup",
        "model": "bootstrap4listgroupitem"
    }
},
{
    "model": "contenttypes.contenttype",
    "pk": 68,
    "fields": {
        "app_label": "bootstrap4_media",
        "model": "bootstrap4media"
    }
},
{
    "model": "contenttypes.contenttype",
    "pk": 69,
    "fields": {
        "app_label": "bootstrap4_media",
        "model": "bootstrap4mediabody"
    }
},
{
    "model": "contenttypes.contenttype",
    "pk": 70,
    "fields": {
        "app_label": "bootstrap4_picture",
        "model": "bootstrap4picture"
    }
},
{
    "model": "contenttypes.contenttype",
    "pk": 71,
    "fields": {
        "app_label": "bootstrap4_tabs",
        "model": "bootstrap4tab"
    }
},
{
    "model": "contenttypes.contenttype",
    "pk": 72,
    "fields": {
        "app_label": "bootstrap4_tabs",
        "model": "bootstrap4tabitem"
    }
},
{
    "model": "contenttypes.contenttype",
    "pk": 73,
    "fields": {
        "app_label": "bootstrap4_utilities",
        "model": "bootstrap4spacing"
    }
},
{
    "model": "contenttypes.contenttype",
    "pk": 74,
    "fields": {
        "app_label": "polls_cms_integration",
        "model": "pollpluginmodel"
    }
},
{
    "model": "contenttypes.contenttype",
    "pk": 75,
    "fields": {
        "app_label": "polls",
        "model": "choice"
    }
},
{
    "model": "contenttypes.contenttype",
    "pk": 76,
    "fields": {
        "app_label": "polls",
        "model": "poll"
    }
},
{
    "model": "sessions.session",
    "pk": "7jnrz0u447a6pgaphiteu3irj1kpkzsy",
    "fields": {
        "session_data": "NGQ2MjFkNmNkZDU3MjA2YTBkYTY0MzAwMDA0MmMxYjcxODk3OWFkNTp7Il9hdXRoX3VzZXJfaWQiOiIxIiwiX2F1dGhfdXNlcl9iYWNrZW5kIjoiZGphbmdvLmNvbnRyaWIuYXV0aC5iYWNrZW5kcy5Nb2RlbEJhY2tlbmQiLCJfYXV0aF91c2VyX2hhc2giOiIzNTk0YWExOTkwOWEzNWFmOWNmMTI4NjViYjAyZmZkNGMxYzAzOTliIiwiY21zX3Rvb2xiYXJfZGlzYWJsZWQiOmZhbHNlLCJjbXNfZWRpdCI6ZmFsc2UsImNtc19wcmV2aWV3Ijp0cnVlLCJ3aXphcmRfd2l6YXJkX2NyZWF0ZV92aWV3Ijp7InN0ZXAiOm51bGwsInN0ZXBfZGF0YSI6e30sInN0ZXBfZmlsZXMiOnt9LCJleHRyYV9kYXRhIjp7fX0sImZpbGVyX2xhc3RfZm9sZGVyX2lkIjoiMSJ9",
        "expire_date": "2018-07-17T12:41:03.825Z"
    }
},
{
    "model": "sites.site",
    "pk": 1,
    "fields": {
        "domain": "example.com",
        "name": "example.com"
    }
},
{
    "model": "cms.treenode",
    "pk": 1,
    "fields": {
        "path": "0001",
        "depth": 1,
        "numchild": 0,
        "parent": null,
        "site": 1
    }
},
{
    "model": "cms.treenode",
    "pk": 2,
    "fields": {
        "path": "0002",
        "depth": 1,
        "numchild": 0,
        "parent": null,
        "site": 1
    }
},
{
    "model": "cms.treenode",
    "pk": 3,
    "fields": {
        "path": "0003",
        "depth": 1,
        "numchild": 0,
        "parent": null,
        "site": 1
    }
},
{
    "model": "cms.page",
    "pk": 1,
    "fields": {
        "created_by": "admin",
        "changed_by": "admin",
        "creation_date": "2018-07-03T11:07:12.037Z",
        "changed_date": "2018-07-03T11:07:12.062Z",
        "publication_date": "2018-07-03T11:07:12.046Z",
        "publication_end_date": null,
        "in_navigation": true,
        "soft_root": false,
        "reverse_id": null,
        "navigation_extenders": null,
        "template": "INHERIT",
        "login_required": false,
        "limit_visibility_in_menu": null,
        "is_home": true,
        "application_urls": null,
        "application_namespace": null,
        "publisher_is_draft": true,
        "publisher_public": 2,
        "languages": "en",
        "xframe_options": 0,
        "is_page_type": false,
        "node": 1,
        "placeholders": [
            2
        ]
    }
},
{
    "model": "cms.page",
    "pk": 2,
    "fields": {
        "created_by": "admin",
        "changed_by": "admin",
        "creation_date": "2018-07-03T11:07:12.046Z",
        "changed_date": "2018-07-03T12:41:02.967Z",
        "publication_date": "2018-07-03T11:07:12.046Z",
        "publication_end_date": null,
        "in_navigation": true,
        "soft_root": false,
        "reverse_id": null,
        "navigation_extenders": null,
        "template": "INHERIT",
        "login_required": false,
        "limit_visibility_in_menu": null,
        "is_home": true,
        "application_urls": null,
        "application_namespace": null,
        "publisher_is_draft": false,
        "publisher_public": 1,
        "languages": "en",
        "xframe_options": 0,
        "is_page_type": false,
        "node": 1,
        "placeholders": [
            3
        ]
    }
},
{
    "model": "cms.page",
    "pk": 3,
    "fields": {
        "created_by": "admin",
        "changed_by": "admin",
        "creation_date": "2018-07-03T11:07:36.939Z",
        "changed_date": "2018-07-03T11:07:36.950Z",
        "publication_date": "2018-07-03T12:40:35.290Z",
        "publication_end_date": null,
        "in_navigation": true,
        "soft_root": false,
        "reverse_id": null,
        "navigation_extenders": null,
        "template": "INHERIT",
        "login_required": false,
        "limit_visibility_in_menu": null,
        "is_home": false,
        "application_urls": null,
        "application_namespace": null,
        "publisher_is_draft": true,
        "publisher_public": 6,
        "languages": "en",
        "xframe_options": 0,
        "is_page_type": false,
        "node": 2,
        "placeholders": [
            4
        ]
    }
},
{
    "model": "cms.page",
    "pk": 4,
    "fields": {
        "created_by": "admin",
        "changed_by": "admin",
        "creation_date": "2018-07-03T11:07:52.963Z",
        "changed_date": "2018-07-03T11:28:16.063Z",
        "publication_date": "2018-07-03T11:28:22.783Z",
        "publication_end_date": null,
        "in_navigation": true,
        "soft_root": false,
        "reverse_id": null,
        "navigation_extenders": null,
        "template": "INHERIT",
        "login_required": false,
        "limit_visibility_in_menu": null,
        "is_home": false,
        "application_urls": "PollsApphook",
        "application_namespace": "polls",
        "publisher_is_draft": true,
        "publisher_public": 5,
        "languages": "en",
        "xframe_options": 0,
        "is_page_type": false,
        "node": 3,
        "placeholders": [
            5
        ]
    }
},
{
    "model": "cms.page",
    "pk": 5,
    "fields": {
        "created_by": "admin",
        "changed_by": "admin",
        "creation_date": "2018-07-03T11:28:22.783Z",
        "changed_date": "2018-07-03T11:28:22.783Z",
        "publication_date": "2018-07-03T11:28:22.783Z",
        "publication_end_date": null,
        "in_navigation": true,
        "soft_root": false,
        "reverse_id": null,
        "navigation_extenders": null,
        "template": "INHERIT",
        "login_required": false,
        "limit_visibility_in_menu": null,
        "is_home": false,
        "application_urls": "PollsApphook",
        "application_namespace": "polls",
        "publisher_is_draft": false,
        "publisher_public": 4,
        "languages": "en",
        "xframe_options": 0,
        "is_page_type": false,
        "node": 3,
        "placeholders": [
            6
        ]
    }
},
{
    "model": "cms.page",
    "pk": 6,
    "fields": {
        "created_by": "admin",
        "changed_by": "admin",
        "creation_date": "2018-07-03T12:40:35.291Z",
        "changed_date": "2018-07-03T12:40:35.291Z",
        "publication_date": "2018-07-03T12:40:35.290Z",
        "publication_end_date": null,
        "in_navigation": true,
        "soft_root": false,
        "reverse_id": null,
        "navigation_extenders": null,
        "template": "INHERIT",
        "login_required": false,
        "limit_visibility_in_menu": null,
        "is_home": false,
        "application_urls": null,
        "application_namespace": null,
        "publisher_is_draft": false,
        "publisher_public": 3,
        "languages": "en",
        "xframe_options": 0,
        "is_page_type": false,
        "node": 2,
        "placeholders": [
            7
        ]
    }
},
{
    "model": "cms.placeholder",
    "pk": 1,
    "fields": {
        "slot": "clipboard",
        "default_width": null
    }
},
{
    "model": "cms.placeholder",
    "pk": 2,
    "fields": {
        "slot": "content",
        "default_width": null
    }
},
{
    "model": "cms.placeholder",
    "pk": 3,
    "fields": {
        "slot": "content",
        "default_width": null
    }
},
{
    "model": "cms.placeholder",
    "pk": 4,
    "fields": {
        "slot": "content",
        "default_width": null
    }
},
{
    "model": "cms.placeholder",
    "pk": 5,
    "fields": {
        "slot": "content",
        "default_width": null
    }
},
{
    "model": "cms.placeholder",
    "pk": 6,
    "fields": {
        "slot": "content",
        "default_width": null
    }
},
{
    "model": "cms.placeholder",
    "pk": 7,
    "fields": {
        "slot": "content",
        "default_width": null
    }
},
{
    "model": "cms.cmsplugin",
    "pk": 1,
    "fields": {
        "path": "0001",
        "depth": 1,
        "numchild": 1,
        "placeholder": 2,
        "parent": null,
        "position": 0,
        "language": "en",
        "plugin_type": "Bootstrap4JumbotronPlugin",
        "creation_date": "2018-07-03T11:09:10.281Z",
        "changed_date": "2018-07-03T11:09:10.284Z"
    }
},
{
    "model": "cms.cmsplugin",
    "pk": 2,
    "fields": {
        "path": "00010001",
        "depth": 2,
        "numchild": 0,
        "placeholder": 2,
        "parent": 1,
        "position": 0,
        "language": "en",
        "plugin_type": "TextPlugin",
        "creation_date": "2018-07-03T11:09:14.440Z",
        "changed_date": "2018-07-03T11:09:34.092Z"
    }
},
{
    "model": "cms.cmsplugin",
    "pk": 3,
    "fields": {
        "path": "0002",
        "depth": 1,
        "numchild": 2,
        "placeholder": 2,
        "parent": null,
        "position": 1,
        "language": "en",
        "plugin_type": "Bootstrap4GridRowPlugin",
        "creation_date": "2018-07-03T11:16:56.103Z",
        "changed_date": "2018-07-03T11:16:56.107Z"
    }
},
{
    "model": "cms.cmsplugin",
    "pk": 4,
    "fields": {
        "path": "00020001",
        "depth": 2,
        "numchild": 1,
        "placeholder": 2,
        "parent": 3,
        "position": 0,
        "language": "en",
        "plugin_type": "Bootstrap4GridColumnPlugin",
        "creation_date": "2018-07-03T11:16:56.109Z",
        "changed_date": "2018-07-03T11:22:24.909Z"
    }
},
{
    "model": "cms.cmsplugin",
    "pk": 5,
    "fields": {
        "path": "00020002",
        "depth": 2,
        "numchild": 1,
        "placeholder": 2,
        "parent": 3,
        "position": 1,
        "language": "en",
        "plugin_type": "Bootstrap4GridColumnPlugin",
        "creation_date": "2018-07-03T11:16:56.114Z",
        "changed_date": "2018-07-03T11:22:36.535Z"
    }
},
{
    "model": "cms.cmsplugin",
    "pk": 6,
    "fields": {
        "path": "000200010001",
        "depth": 3,
        "numchild": 2,
        "placeholder": 2,
        "parent": 4,
        "position": 0,
        "language": "en",
        "plugin_type": "Bootstrap4CardPlugin",
        "creation_date": "2018-07-03T11:17:06.336Z",
        "changed_date": "2018-07-03T11:17:06.339Z"
    }
},
{
    "model": "cms.cmsplugin",
    "pk": 7,
    "fields": {
        "path": "0002000100010001",
        "depth": 4,
        "numchild": 1,
        "placeholder": 2,
        "parent": 6,
        "position": 0,
        "language": "en",
        "plugin_type": "Bootstrap4CardInnerPlugin",
        "creation_date": "2018-07-03T11:17:15.922Z",
        "changed_date": "2018-07-03T11:17:15.925Z"
    }
},
{
    "model": "cms.cmsplugin",
    "pk": 8,
    "fields": {
        "path": "0002000100010002",
        "depth": 4,
        "numchild": 1,
        "placeholder": 2,
        "parent": 6,
        "position": 1,
        "language": "en",
        "plugin_type": "Bootstrap4CardInnerPlugin",
        "creation_date": "2018-07-03T11:17:24.787Z",
        "changed_date": "2018-07-03T11:17:24.791Z"
    }
},
{
    "model": "cms.cmsplugin",
    "pk": 9,
    "fields": {
        "path": "00020001000100010001",
        "depth": 5,
        "numchild": 0,
        "placeholder": 2,
        "parent": 7,
        "position": 0,
        "language": "en",
        "plugin_type": "TextPlugin",
        "creation_date": "2018-07-03T11:17:34.962Z",
        "changed_date": "2018-07-03T11:17:53.115Z"
    }
},
{
    "model": "cms.cmsplugin",
    "pk": 10,
    "fields": {
        "path": "00020001000100020001",
        "depth": 5,
        "numchild": 0,
        "placeholder": 2,
        "parent": 8,
        "position": 0,
        "language": "en",
        "plugin_type": "TextPlugin",
        "creation_date": "2018-07-03T11:20:06.637Z",
        "changed_date": "2018-07-03T11:20:09.909Z"
    }
},
{
    "model": "cms.cmsplugin",
    "pk": 16,
    "fields": {
        "path": "000200020001",
        "depth": 3,
        "numchild": 2,
        "placeholder": 2,
        "parent": 5,
        "position": 0,
        "language": "en",
        "plugin_type": "Bootstrap4CardPlugin",
        "creation_date": "2018-07-03T11:17:06.336Z",
        "changed_date": "2018-07-03T11:21:44.300Z"
    }
},
{
    "model": "cms.cmsplugin",
    "pk": 17,
    "fields": {
        "path": "0002000200010001",
        "depth": 4,
        "numchild": 1,
        "placeholder": 2,
        "parent": 16,
        "position": 0,
        "language": "en",
        "plugin_type": "Bootstrap4CardInnerPlugin",
        "creation_date": "2018-07-03T11:17:15.922Z",
        "changed_date": "2018-07-03T11:20:31.070Z"
    }
},
{
    "model": "cms.cmsplugin",
    "pk": 18,
    "fields": {
        "path": "00020002000100010001",
        "depth": 5,
        "numchild": 0,
        "placeholder": 2,
        "parent": 17,
        "position": 0,
        "language": "en",
        "plugin_type": "TextPlugin",
        "creation_date": "2018-07-03T11:17:34.962Z",
        "changed_date": "2018-07-03T11:20:47.065Z"
    }
},
{
    "model": "cms.cmsplugin",
    "pk": 19,
    "fields": {
        "path": "0002000200010002",
        "depth": 4,
        "numchild": 1,
        "placeholder": 2,
        "parent": 16,
        "position": 1,
        "language": "en",
        "plugin_type": "Bootstrap4CardInnerPlugin",
        "creation_date": "2018-07-03T11:17:24.787Z",
        "changed_date": "2018-07-03T11:20:31.085Z"
    }
},
{
    "model": "cms.cmsplugin",
    "pk": 20,
    "fields": {
        "path": "00020002000100020001",
        "depth": 5,
        "numchild": 0,
        "placeholder": 2,
        "parent": 19,
        "position": 0,
        "language": "en",
        "plugin_type": "TextPlugin",
        "creation_date": "2018-07-03T11:20:06.637Z",
        "changed_date": "2018-07-03T11:21:33.118Z"
    }
},
{
    "model": "cms.cmsplugin",
    "pk": 21,
    "fields": {
        "path": "0004",
        "depth": 1,
        "numchild": 3,
        "placeholder": 2,
        "parent": null,
        "position": 2,
        "language": "en",
        "plugin_type": "Bootstrap4GridRowPlugin",
        "creation_date": "2018-07-03T11:23:19.685Z",
        "changed_date": "2018-07-03T11:23:19.689Z"
    }
},
{
    "model": "cms.cmsplugin",
    "pk": 22,
    "fields": {
        "path": "00040001",
        "depth": 2,
        "numchild": 1,
        "placeholder": 2,
        "parent": 21,
        "position": 0,
        "language": "en",
        "plugin_type": "Bootstrap4GridColumnPlugin",
        "creation_date": "2018-07-03T11:23:19.690Z",
        "changed_date": "2018-07-03T11:23:53.960Z"
    }
},
{
    "model": "cms.cmsplugin",
    "pk": 28,
    "fields": {
        "path": "000400010001",
        "depth": 3,
        "numchild": 2,
        "placeholder": 2,
        "parent": 22,
        "position": 1,
        "language": "en",
        "plugin_type": "Bootstrap4CardPlugin",
        "creation_date": "2018-07-03T11:17:06.336Z",
        "changed_date": "2018-07-03T11:25:40.652Z"
    }
},
{
    "model": "cms.cmsplugin",
    "pk": 29,
    "fields": {
        "path": "0004000100010001",
        "depth": 4,
        "numchild": 1,
        "placeholder": 2,
        "parent": 28,
        "position": 0,
        "language": "en",
        "plugin_type": "Bootstrap4CardInnerPlugin",
        "creation_date": "2018-07-03T11:17:15.922Z",
        "changed_date": "2018-07-03T11:24:04.825Z"
    }
},
{
    "model": "cms.cmsplugin",
    "pk": 30,
    "fields": {
        "path": "00040001000100010001",
        "depth": 5,
        "numchild": 0,
        "placeholder": 2,
        "parent": 29,
        "position": 0,
        "language": "en",
        "plugin_type": "TextPlugin",
        "creation_date": "2018-07-03T11:17:34.962Z",
        "changed_date": "2018-07-03T11:26:43.044Z"
    }
},
{
    "model": "cms.cmsplugin",
    "pk": 31,
    "fields": {
        "path": "0004000100010002",
        "depth": 4,
        "numchild": 1,
        "placeholder": 2,
        "parent": 28,
        "position": 1,
        "language": "en",
        "plugin_type": "Bootstrap4CardInnerPlugin",
        "creation_date": "2018-07-03T11:17:24.787Z",
        "changed_date": "2018-07-03T12:24:13.112Z"
    }
},
{
    "model": "cms.cmsplugin",
    "pk": 39,
    "fields": {
        "path": "00040002",
        "depth": 2,
        "numchild": 1,
        "placeholder": 2,
        "parent": 21,
        "position": 1,
        "language": "en",
        "plugin_type": "Bootstrap4GridColumnPlugin",
        "creation_date": "2018-07-03T11:23:19.690Z",
        "changed_date": "2018-07-03T11:24:30.383Z"
    }
},
{
    "model": "cms.cmsplugin",
    "pk": 40,
    "fields": {
        "path": "000400020001",
        "depth": 3,
        "numchild": 2,
        "placeholder": 2,
        "parent": 39,
        "position": 0,
        "language": "en",
        "plugin_type": "Bootstrap4CardPlugin",
        "creation_date": "2018-07-03T11:17:06.336Z",
        "changed_date": "2018-07-03T11:25:53.214Z"
    }
},
{
    "model": "cms.cmsplugin",
    "pk": 41,
    "fields": {
        "path": "0004000200010001",
        "depth": 4,
        "numchild": 1,
        "placeholder": 2,
        "parent": 40,
        "position": 0,
        "language": "en",
        "plugin_type": "Bootstrap4CardInnerPlugin",
        "creation_date": "2018-07-03T11:17:15.922Z",
        "changed_date": "2018-07-03T11:24:30.395Z"
    }
},
{
    "model": "cms.cmsplugin",
    "pk": 42,
    "fields": {
        "path": "00040002000100010001",
        "depth": 5,
        "numchild": 0,
        "placeholder": 2,
        "parent": 41,
        "position": 0,
        "language": "en",
        "plugin_type": "TextPlugin",
        "creation_date": "2018-07-03T11:17:34.962Z",
        "changed_date": "2018-07-03T11:26:53.813Z"
    }
},
{
    "model": "cms.cmsplugin",
    "pk": 43,
    "fields": {
        "path": "0004000200010002",
        "depth": 4,
        "numchild": 1,
        "placeholder": 2,
        "parent": 40,
        "position": 1,
        "language": "en",
        "plugin_type": "Bootstrap4CardInnerPlugin",
        "creation_date": "2018-07-03T11:17:24.787Z",
        "changed_date": "2018-07-03T12:24:45.258Z"
    }
},
{
    "model": "cms.cmsplugin",
    "pk": 45,
    "fields": {
        "path": "00040003",
        "depth": 2,
        "numchild": 1,
        "placeholder": 2,
        "parent": 21,
        "position": 2,
        "language": "en",
        "plugin_type": "Bootstrap4GridColumnPlugin",
        "creation_date": "2018-07-03T11:23:19.690Z",
        "changed_date": "2018-07-03T11:24:33.510Z"
    }
},
{
    "model": "cms.cmsplugin",
    "pk": 46,
    "fields": {
        "path": "000400030001",
        "depth": 3,
        "numchild": 2,
        "placeholder": 2,
        "parent": 45,
        "position": 0,
        "language": "en",
        "plugin_type": "Bootstrap4CardPlugin",
        "creation_date": "2018-07-03T11:17:06.336Z",
        "changed_date": "2018-07-03T11:26:16.700Z"
    }
},
{
    "model": "cms.cmsplugin",
    "pk": 47,
    "fields": {
        "path": "0004000300010001",
        "depth": 4,
        "numchild": 1,
        "placeholder": 2,
        "parent": 46,
        "position": 0,
        "language": "en",
        "plugin_type": "Bootstrap4CardInnerPlugin",
        "creation_date": "2018-07-03T11:17:15.922Z",
        "changed_date": "2018-07-03T11:24:33.522Z"
    }
},
{
    "model": "cms.cmsplugin",
    "pk": 48,
    "fields": {
        "path": "00040003000100010001",
        "depth": 5,
        "numchild": 0,
        "placeholder": 2,
        "parent": 47,
        "position": 0,
        "language": "en",
        "plugin_type": "TextPlugin",
        "creation_date": "2018-07-03T11:17:34.962Z",
        "changed_date": "2018-07-03T11:27:14.183Z"
    }
},
{
    "model": "cms.cmsplugin",
    "pk": 49,
    "fields": {
        "path": "0004000300010002",
        "depth": 4,
        "numchild": 1,
        "placeholder": 2,
        "parent": 46,
        "position": 1,
        "language": "en",
        "plugin_type": "Bootstrap4CardInnerPlugin",
        "creation_date": "2018-07-03T11:17:24.787Z",
        "changed_date": "2018-07-03T12:26:46.047Z"
    }
},
{
    "model": "cms.cmsplugin",
    "pk": 51,
    "fields": {
        "path": "0006",
        "depth": 1,
        "numchild": 0,
        "placeholder": 4,
        "parent": null,
        "position": 1,
        "language": "en",
        "plugin_type": "TextPlugin",
        "creation_date": "2018-07-03T11:27:30.141Z",
        "changed_date": "2018-07-03T11:27:58.162Z"
    }
},
{
    "model": "cms.cmsplugin",
    "pk": 86,
    "fields": {
        "path": "00040001000100020002",
        "depth": 5,
        "numchild": 0,
        "placeholder": 2,
        "parent": 31,
        "position": 0,
        "language": "en",
        "plugin_type": "PollPluginPublisher",
        "creation_date": "2018-07-03T12:23:19.304Z",
        "changed_date": "2018-07-03T12:24:13.169Z"
    }
},
{
    "model": "cms.cmsplugin",
    "pk": 87,
    "fields": {
        "path": "00040002000100020002",
        "depth": 5,
        "numchild": 0,
        "placeholder": 2,
        "parent": 43,
        "position": 0,
        "language": "en",
        "plugin_type": "PollPluginPublisher",
        "creation_date": "2018-07-03T12:24:30.986Z",
        "changed_date": "2018-07-03T12:24:45.312Z"
    }
},
{
    "model": "cms.cmsplugin",
    "pk": 88,
    "fields": {
        "path": "00040003000100020002",
        "depth": 5,
        "numchild": 0,
        "placeholder": 2,
        "parent": 49,
        "position": 0,
        "language": "en",
        "plugin_type": "PollPluginPublisher",
        "creation_date": "2018-07-03T12:24:58.098Z",
        "changed_date": "2018-07-03T12:26:51.990Z"
    }
},
{
    "model": "cms.cmsplugin",
    "pk": 89,
    "fields": {
        "path": "000A",
        "depth": 1,
        "numchild": 4,
        "placeholder": 4,
        "parent": null,
        "position": 3,
        "language": "en",
        "plugin_type": "Bootstrap4GridRowPlugin",
        "creation_date": "2018-07-03T12:32:51.876Z",
        "changed_date": "2018-07-03T12:32:51.879Z"
    }
},
{
    "model": "cms.cmsplugin",
    "pk": 90,
    "fields": {
        "path": "000A0001",
        "depth": 2,
        "numchild": 1,
        "placeholder": 4,
        "parent": 89,
        "position": 0,
        "language": "en",
        "plugin_type": "Bootstrap4GridColumnPlugin",
        "creation_date": "2018-07-03T12:32:51.880Z",
        "changed_date": "2018-07-03T12:37:33.921Z"
    }
},
{
    "model": "cms.cmsplugin",
    "pk": 92,
    "fields": {
        "path": "000A0002",
        "depth": 2,
        "numchild": 1,
        "placeholder": 4,
        "parent": 89,
        "position": 1,
        "language": "en",
        "plugin_type": "Bootstrap4GridColumnPlugin",
        "creation_date": "2018-07-03T12:32:51.880Z",
        "changed_date": "2018-07-03T12:38:05.050Z"
    }
},
{
    "model": "cms.cmsplugin",
    "pk": 93,
    "fields": {
        "path": "000A0003",
        "depth": 2,
        "numchild": 1,
        "placeholder": 4,
        "parent": 89,
        "position": 2,
        "language": "en",
        "plugin_type": "Bootstrap4GridColumnPlugin",
        "creation_date": "2018-07-03T12:32:51.880Z",
        "changed_date": "2018-07-03T12:38:16.658Z"
    }
},
{
    "model": "cms.cmsplugin",
    "pk": 94,
    "fields": {
        "path": "000A0004",
        "depth": 2,
        "numchild": 1,
        "placeholder": 4,
        "parent": 89,
        "position": 3,
        "language": "en",
        "plugin_type": "Bootstrap4GridColumnPlugin",
        "creation_date": "2018-07-03T12:32:51.880Z",
        "changed_date": "2018-07-03T12:38:25.683Z"
    }
},
{
    "model": "cms.cmsplugin",
    "pk": 95,
    "fields": {
        "path": "000A00010001",
        "depth": 3,
        "numchild": 0,
        "placeholder": 4,
        "parent": 90,
        "position": 0,
        "language": "en",
        "plugin_type": "Bootstrap4PicturePlugin",
        "creation_date": "2018-07-03T12:35:45.779Z",
        "changed_date": "2018-07-03T12:35:45.789Z"
    }
},
{
    "model": "cms.cmsplugin",
    "pk": 96,
    "fields": {
        "path": "000A00020001",
        "depth": 3,
        "numchild": 0,
        "placeholder": 4,
        "parent": 92,
        "position": 0,
        "language": "en",
        "plugin_type": "Bootstrap4PicturePlugin",
        "creation_date": "2018-07-03T12:35:59.754Z",
        "changed_date": "2018-07-03T12:35:59.761Z"
    }
},
{
    "model": "cms.cmsplugin",
    "pk": 97,
    "fields": {
        "path": "000A00030001",
        "depth": 3,
        "numchild": 0,
        "placeholder": 4,
        "parent": 93,
        "position": 0,
        "language": "en",
        "plugin_type": "Bootstrap4PicturePlugin",
        "creation_date": "2018-07-03T12:36:50.526Z",
        "changed_date": "2018-07-03T12:36:50.535Z"
    }
},
{
    "model": "cms.cmsplugin",
    "pk": 98,
    "fields": {
        "path": "000A00040001",
        "depth": 3,
        "numchild": 0,
        "placeholder": 4,
        "parent": 94,
        "position": 0,
        "language": "en",
        "plugin_type": "Bootstrap4PicturePlugin",
        "creation_date": "2018-07-03T12:37:03.325Z",
        "changed_date": "2018-07-03T12:37:03.333Z"
    }
},
{
    "model": "cms.cmsplugin",
    "pk": 99,
    "fields": {
        "path": "000C",
        "depth": 1,
        "numchild": 0,
        "placeholder": 4,
        "parent": null,
        "position": 2,
        "language": "en",
        "plugin_type": "TextPlugin",
        "creation_date": "2018-07-03T12:38:59.892Z",
        "changed_date": "2018-07-03T12:39:56.005Z"
    }
},
{
    "model": "cms.cmsplugin",
    "pk": 100,
    "fields": {
        "path": "000D",
        "depth": 1,
        "numchild": 0,
        "placeholder": 1,
        "parent": null,
        "position": 1,
        "language": "en",
        "plugin_type": "TextPlugin",
        "creation_date": "2018-07-03T12:38:59.892Z",
        "changed_date": "2018-07-03T12:40:07.331Z"
    }
},
{
    "model": "cms.cmsplugin",
    "pk": 101,
    "fields": {
        "path": "000E",
        "depth": 1,
        "numchild": 0,
        "placeholder": 4,
        "parent": null,
        "position": 0,
        "language": "en",
        "plugin_type": "TextPlugin",
        "creation_date": "2018-07-03T12:38:59.892Z",
        "changed_date": "2018-07-03T12:40:24.585Z"
    }
},
{
    "model": "cms.cmsplugin",
    "pk": 102,
    "fields": {
        "path": "000F",
        "depth": 1,
        "numchild": 0,
        "placeholder": 7,
        "parent": null,
        "position": 1,
        "language": "en",
        "plugin_type": "TextPlugin",
        "creation_date": "2018-07-03T11:27:30.141Z",
        "changed_date": "2018-07-03T12:40:35.391Z"
    }
},
{
    "model": "cms.cmsplugin",
    "pk": 103,
    "fields": {
        "path": "000G",
        "depth": 1,
        "numchild": 4,
        "placeholder": 7,
        "parent": null,
        "position": 3,
        "language": "en",
        "plugin_type": "Bootstrap4GridRowPlugin",
        "creation_date": "2018-07-03T12:32:51.876Z",
        "changed_date": "2018-07-03T12:40:35.333Z"
    }
},
{
    "model": "cms.cmsplugin",
    "pk": 104,
    "fields": {
        "path": "000G0001",
        "depth": 2,
        "numchild": 1,
        "placeholder": 7,
        "parent": 103,
        "position": 0,
        "language": "en",
        "plugin_type": "Bootstrap4GridColumnPlugin",
        "creation_date": "2018-07-03T12:32:51.880Z",
        "changed_date": "2018-07-03T12:40:35.335Z"
    }
},
{
    "model": "cms.cmsplugin",
    "pk": 105,
    "fields": {
        "path": "000G00010001",
        "depth": 3,
        "numchild": 0,
        "placeholder": 7,
        "parent": 104,
        "position": 0,
        "language": "en",
        "plugin_type": "Bootstrap4PicturePlugin",
        "creation_date": "2018-07-03T12:35:45.779Z",
        "changed_date": "2018-07-03T12:40:35.339Z"
    }
},
{
    "model": "cms.cmsplugin",
    "pk": 106,
    "fields": {
        "path": "000G0002",
        "depth": 2,
        "numchild": 1,
        "placeholder": 7,
        "parent": 103,
        "position": 1,
        "language": "en",
        "plugin_type": "Bootstrap4GridColumnPlugin",
        "creation_date": "2018-07-03T12:32:51.880Z",
        "changed_date": "2018-07-03T12:40:35.346Z"
    }
},
{
    "model": "cms.cmsplugin",
    "pk": 107,
    "fields": {
        "path": "000G00020001",
        "depth": 3,
        "numchild": 0,
        "placeholder": 7,
        "parent": 106,
        "position": 0,
        "language": "en",
        "plugin_type": "Bootstrap4PicturePlugin",
        "creation_date": "2018-07-03T12:35:59.754Z",
        "changed_date": "2018-07-03T12:40:35.349Z"
    }
},
{
    "model": "cms.cmsplugin",
    "pk": 108,
    "fields": {
        "path": "000G0003",
        "depth": 2,
        "numchild": 1,
        "placeholder": 7,
        "parent": 103,
        "position": 2,
        "language": "en",
        "plugin_type": "Bootstrap4GridColumnPlugin",
        "creation_date": "2018-07-03T12:32:51.880Z",
        "changed_date": "2018-07-03T12:40:35.354Z"
    }
},
{
    "model": "cms.cmsplugin",
    "pk": 109,
    "fields": {
        "path": "000G00030001",
        "depth": 3,
        "numchild": 0,
        "placeholder": 7,
        "parent": 108,
        "position": 0,
        "language": "en",
        "plugin_type": "Bootstrap4PicturePlugin",
        "creation_date": "2018-07-03T12:36:50.526Z",
        "changed_date": "2018-07-03T12:40:35.357Z"
    }
},
{
    "model": "cms.cmsplugin",
    "pk": 110,
    "fields": {
        "path": "000G0004",
        "depth": 2,
        "numchild": 1,
        "placeholder": 7,
        "parent": 103,
        "position": 3,
        "language": "en",
        "plugin_type": "Bootstrap4GridColumnPlugin",
        "creation_date": "2018-07-03T12:32:51.880Z",
        "changed_date": "2018-07-03T12:40:35.361Z"
    }
},
{
    "model": "cms.cmsplugin",
    "pk": 111,
    "fields": {
        "path": "000G00040001",
        "depth": 3,
        "numchild": 0,
        "placeholder": 7,
        "parent": 110,
        "position": 0,
        "language": "en",
        "plugin_type": "Bootstrap4PicturePlugin",
        "creation_date": "2018-07-03T12:37:03.325Z",
        "changed_date": "2018-07-03T12:40:35.364Z"
    }
},
{
    "model": "cms.cmsplugin",
    "pk": 112,
    "fields": {
        "path": "000H",
        "depth": 1,
        "numchild": 0,
        "placeholder": 7,
        "parent": null,
        "position": 2,
        "language": "en",
        "plugin_type": "TextPlugin",
        "creation_date": "2018-07-03T12:38:59.892Z",
        "changed_date": "2018-07-03T12:40:35.413Z"
    }
},
{
    "model": "cms.cmsplugin",
    "pk": 113,
    "fields": {
        "path": "000I",
        "depth": 1,
        "numchild": 0,
        "placeholder": 7,
        "parent": null,
        "position": 0,
        "language": "en",
        "plugin_type": "TextPlugin",
        "creation_date": "2018-07-03T12:38:59.892Z",
        "changed_date": "2018-07-03T12:40:35.426Z"
    }
},
{
    "model": "cms.cmsplugin",
    "pk": 114,
    "fields": {
        "path": "000J",
        "depth": 1,
        "numchild": 1,
        "placeholder": 3,
        "parent": null,
        "position": 0,
        "language": "en",
        "plugin_type": "Bootstrap4JumbotronPlugin",
        "creation_date": "2018-07-03T11:09:10.281Z",
        "changed_date": "2018-07-03T12:41:03.121Z"
    }
},
{
    "model": "cms.cmsplugin",
    "pk": 115,
    "fields": {
        "path": "000J0001",
        "depth": 2,
        "numchild": 0,
        "placeholder": 3,
        "parent": 114,
        "position": 0,
        "language": "en",
        "plugin_type": "TextPlugin",
        "creation_date": "2018-07-03T11:09:14.440Z",
        "changed_date": "2018-07-03T12:41:03.316Z"
    }
},
{
    "model": "cms.cmsplugin",
    "pk": 116,
    "fields": {
        "path": "000K",
        "depth": 1,
        "numchild": 2,
        "placeholder": 3,
        "parent": null,
        "position": 1,
        "language": "en",
        "plugin_type": "Bootstrap4GridRowPlugin",
        "creation_date": "2018-07-03T11:16:56.103Z",
        "changed_date": "2018-07-03T12:41:03.135Z"
    }
},
{
    "model": "cms.cmsplugin",
    "pk": 117,
    "fields": {
        "path": "000K0001",
        "depth": 2,
        "numchild": 1,
        "placeholder": 3,
        "parent": 116,
        "position": 0,
        "language": "en",
        "plugin_type": "Bootstrap4GridColumnPlugin",
        "creation_date": "2018-07-03T11:16:56.109Z",
        "changed_date": "2018-07-03T12:41:03.138Z"
    }
},
{
    "model": "cms.cmsplugin",
    "pk": 118,
    "fields": {
        "path": "000K00010001",
        "depth": 3,
        "numchild": 2,
        "placeholder": 3,
        "parent": 117,
        "position": 0,
        "language": "en",
        "plugin_type": "Bootstrap4CardPlugin",
        "creation_date": "2018-07-03T11:17:06.336Z",
        "changed_date": "2018-07-03T12:41:03.143Z"
    }
},
{
    "model": "cms.cmsplugin",
    "pk": 119,
    "fields": {
        "path": "000K000100010001",
        "depth": 4,
        "numchild": 1,
        "placeholder": 3,
        "parent": 118,
        "position": 0,
        "language": "en",
        "plugin_type": "Bootstrap4CardInnerPlugin",
        "creation_date": "2018-07-03T11:17:15.922Z",
        "changed_date": "2018-07-03T12:41:03.146Z"
    }
},
{
    "model": "cms.cmsplugin",
    "pk": 120,
    "fields": {
        "path": "000K0001000100010001",
        "depth": 5,
        "numchild": 0,
        "placeholder": 3,
        "parent": 119,
        "position": 0,
        "language": "en",
        "plugin_type": "TextPlugin",
        "creation_date": "2018-07-03T11:17:34.962Z",
        "changed_date": "2018-07-03T12:41:03.328Z"
    }
},
{
    "model": "cms.cmsplugin",
    "pk": 121,
    "fields": {
        "path": "000K000100010002",
        "depth": 4,
        "numchild": 1,
        "placeholder": 3,
        "parent": 118,
        "position": 1,
        "language": "en",
        "plugin_type": "Bootstrap4CardInnerPlugin",
        "creation_date": "2018-07-03T11:17:24.787Z",
        "changed_date": "2018-07-03T12:41:03.160Z"
    }
},
{
    "model": "cms.cmsplugin",
    "pk": 122,
    "fields": {
        "path": "000K0001000100020001",
        "depth": 5,
        "numchild": 0,
        "placeholder": 3,
        "parent": 121,
        "position": 0,
        "language": "en",
        "plugin_type": "TextPlugin",
        "creation_date": "2018-07-03T11:20:06.637Z",
        "changed_date": "2018-07-03T12:41:03.341Z"
    }
},
{
    "model": "cms.cmsplugin",
    "pk": 123,
    "fields": {
        "path": "000K0002",
        "depth": 2,
        "numchild": 1,
        "placeholder": 3,
        "parent": 116,
        "position": 1,
        "language": "en",
        "plugin_type": "Bootstrap4GridColumnPlugin",
        "creation_date": "2018-07-03T11:16:56.114Z",
        "changed_date": "2018-07-03T12:41:03.175Z"
    }
},
{
    "model": "cms.cmsplugin",
    "pk": 124,
    "fields": {
        "path": "000K00020001",
        "depth": 3,
        "numchild": 2,
        "placeholder": 3,
        "parent": 123,
        "position": 0,
        "language": "en",
        "plugin_type": "Bootstrap4CardPlugin",
        "creation_date": "2018-07-03T11:17:06.336Z",
        "changed_date": "2018-07-03T12:41:03.179Z"
    }
},
{
    "model": "cms.cmsplugin",
    "pk": 125,
    "fields": {
        "path": "000K000200010001",
        "depth": 4,
        "numchild": 1,
        "placeholder": 3,
        "parent": 124,
        "position": 0,
        "language": "en",
        "plugin_type": "Bootstrap4CardInnerPlugin",
        "creation_date": "2018-07-03T11:17:15.922Z",
        "changed_date": "2018-07-03T12:41:03.184Z"
    }
},
{
    "model": "cms.cmsplugin",
    "pk": 126,
    "fields": {
        "path": "000K0002000100010001",
        "depth": 5,
        "numchild": 0,
        "placeholder": 3,
        "parent": 125,
        "position": 0,
        "language": "en",
        "plugin_type": "TextPlugin",
        "creation_date": "2018-07-03T11:17:34.962Z",
        "changed_date": "2018-07-03T12:41:03.353Z"
    }
},
{
    "model": "cms.cmsplugin",
    "pk": 127,
    "fields": {
        "path": "000K000200010002",
        "depth": 4,
        "numchild": 1,
        "placeholder": 3,
        "parent": 124,
        "position": 1,
        "language": "en",
        "plugin_type": "Bootstrap4CardInnerPlugin",
        "creation_date": "2018-07-03T11:17:24.787Z",
        "changed_date": "2018-07-03T12:41:03.196Z"
    }
},
{
    "model": "cms.cmsplugin",
    "pk": 128,
    "fields": {
        "path": "000K0002000100020001",
        "depth": 5,
        "numchild": 0,
        "placeholder": 3,
        "parent": 127,
        "position": 0,
        "language": "en",
        "plugin_type": "TextPlugin",
        "creation_date": "2018-07-03T11:20:06.637Z",
        "changed_date": "2018-07-03T12:41:03.365Z"
    }
},
{
    "model": "cms.cmsplugin",
    "pk": 129,
    "fields": {
        "path": "000L",
        "depth": 1,
        "numchild": 3,
        "placeholder": 3,
        "parent": null,
        "position": 2,
        "language": "en",
        "plugin_type": "Bootstrap4GridRowPlugin",
        "creation_date": "2018-07-03T11:23:19.685Z",
        "changed_date": "2018-07-03T12:41:03.209Z"
    }
},
{
    "model": "cms.cmsplugin",
    "pk": 130,
    "fields": {
        "path": "000L0001",
        "depth": 2,
        "numchild": 1,
        "placeholder": 3,
        "parent": 129,
        "position": 0,
        "language": "en",
        "plugin_type": "Bootstrap4GridColumnPlugin",
        "creation_date": "2018-07-03T11:23:19.690Z",
        "changed_date": "2018-07-03T12:41:03.213Z"
    }
},
{
    "model": "cms.cmsplugin",
    "pk": 131,
    "fields": {
        "path": "000L00010001",
        "depth": 3,
        "numchild": 2,
        "placeholder": 3,
        "parent": 130,
        "position": 1,
        "language": "en",
        "plugin_type": "Bootstrap4CardPlugin",
        "creation_date": "2018-07-03T11:17:06.336Z",
        "changed_date": "2018-07-03T12:41:03.218Z"
    }
},
{
    "model": "cms.cmsplugin",
    "pk": 132,
    "fields": {
        "path": "000L000100010001",
        "depth": 4,
        "numchild": 1,
        "placeholder": 3,
        "parent": 131,
        "position": 0,
        "language": "en",
        "plugin_type": "Bootstrap4CardInnerPlugin",
        "creation_date": "2018-07-03T11:17:15.922Z",
        "changed_date": "2018-07-03T12:41:03.222Z"
    }
},
{
    "model": "cms.cmsplugin",
    "pk": 133,
    "fields": {
        "path": "000L0001000100010001",
        "depth": 5,
        "numchild": 0,
        "placeholder": 3,
        "parent": 132,
        "position": 0,
        "language": "en",
        "plugin_type": "TextPlugin",
        "creation_date": "2018-07-03T11:17:34.962Z",
        "changed_date": "2018-07-03T12:41:03.377Z"
    }
},
{
    "model": "cms.cmsplugin",
    "pk": 134,
    "fields": {
        "path": "000L000100010002",
        "depth": 4,
        "numchild": 1,
        "placeholder": 3,
        "parent": 131,
        "position": 1,
        "language": "en",
        "plugin_type": "Bootstrap4CardInnerPlugin",
        "creation_date": "2018-07-03T11:17:24.787Z",
        "changed_date": "2018-07-03T12:41:03.239Z"
    }
},
{
    "model": "cms.cmsplugin",
    "pk": 135,
    "fields": {
        "path": "000L0001000100020001",
        "depth": 5,
        "numchild": 0,
        "placeholder": 3,
        "parent": 134,
        "position": 0,
        "language": "en",
        "plugin_type": "PollPluginPublisher",
        "creation_date": "2018-07-03T12:23:19.304Z",
        "changed_date": "2018-07-03T12:41:03.243Z"
    }
},
{
    "model": "cms.cmsplugin",
    "pk": 136,
    "fields": {
        "path": "000L0002",
        "depth": 2,
        "numchild": 1,
        "placeholder": 3,
        "parent": 129,
        "position": 1,
        "language": "en",
        "plugin_type": "Bootstrap4GridColumnPlugin",
        "creation_date": "2018-07-03T11:23:19.690Z",
        "changed_date": "2018-07-03T12:41:03.247Z"
    }
},
{
    "model": "cms.cmsplugin",
    "pk": 137,
    "fields": {
        "path": "000L00020001",
        "depth": 3,
        "numchild": 2,
        "placeholder": 3,
        "parent": 136,
        "position": 0,
        "language": "en",
        "plugin_type": "Bootstrap4CardPlugin",
        "creation_date": "2018-07-03T11:17:06.336Z",
        "changed_date": "2018-07-03T12:41:03.253Z"
    }
},
{
    "model": "cms.cmsplugin",
    "pk": 138,
    "fields": {
        "path": "000L000200010001",
        "depth": 4,
        "numchild": 1,
        "placeholder": 3,
        "parent": 137,
        "position": 0,
        "language": "en",
        "plugin_type": "Bootstrap4CardInnerPlugin",
        "creation_date": "2018-07-03T11:17:15.922Z",
        "changed_date": "2018-07-03T12:41:03.256Z"
    }
},
{
    "model": "cms.cmsplugin",
    "pk": 139,
    "fields": {
        "path": "000L0002000100010001",
        "depth": 5,
        "numchild": 0,
        "placeholder": 3,
        "parent": 138,
        "position": 0,
        "language": "en",
        "plugin_type": "TextPlugin",
        "creation_date": "2018-07-03T11:17:34.962Z",
        "changed_date": "2018-07-03T12:41:03.390Z"
    }
},
{
    "model": "cms.cmsplugin",
    "pk": 140,
    "fields": {
        "path": "000L000200010002",
        "depth": 4,
        "numchild": 1,
        "placeholder": 3,
        "parent": 137,
        "position": 1,
        "language": "en",
        "plugin_type": "Bootstrap4CardInnerPlugin",
        "creation_date": "2018-07-03T11:17:24.787Z",
        "changed_date": "2018-07-03T12:41:03.272Z"
    }
},
{
    "model": "cms.cmsplugin",
    "pk": 141,
    "fields": {
        "path": "000L0002000100020001",
        "depth": 5,
        "numchild": 0,
        "placeholder": 3,
        "parent": 140,
        "position": 0,
        "language": "en",
        "plugin_type": "PollPluginPublisher",
        "creation_date": "2018-07-03T12:24:30.986Z",
        "changed_date": "2018-07-03T12:41:03.276Z"
    }
},
{
    "model": "cms.cmsplugin",
    "pk": 142,
    "fields": {
        "path": "000L0003",
        "depth": 2,
        "numchild": 1,
        "placeholder": 3,
        "parent": 129,
        "position": 2,
        "language": "en",
        "plugin_type": "Bootstrap4GridColumnPlugin",
        "creation_date": "2018-07-03T11:23:19.690Z",
        "changed_date": "2018-07-03T12:41:03.279Z"
    }
},
{
    "model": "cms.cmsplugin",
    "pk": 143,
    "fields": {
        "path": "000L00030001",
        "depth": 3,
        "numchild": 2,
        "placeholder": 3,
        "parent": 142,
        "position": 0,
        "language": "en",
        "plugin_type": "Bootstrap4CardPlugin",
        "creation_date": "2018-07-03T11:17:06.336Z",
        "changed_date": "2018-07-03T12:41:03.285Z"
    }
},
{
    "model": "cms.cmsplugin",
    "pk": 144,
    "fields": {
        "path": "000L000300010001",
        "depth": 4,
        "numchild": 1,
        "placeholder": 3,
        "parent": 143,
        "position": 0,
        "language": "en",
        "plugin_type": "Bootstrap4CardInnerPlugin",
        "creation_date": "2018-07-03T11:17:15.922Z",
        "changed_date": "2018-07-03T12:41:03.288Z"
    }
},
{
    "model": "cms.cmsplugin",
    "pk": 145,
    "fields": {
        "path": "000L0003000100010001",
        "depth": 5,
        "numchild": 0,
        "placeholder": 3,
        "parent": 144,
        "position": 0,
        "language": "en",
        "plugin_type": "TextPlugin",
        "creation_date": "2018-07-03T11:17:34.962Z",
        "changed_date": "2018-07-03T12:41:03.407Z"
    }
},
{
    "model": "cms.cmsplugin",
    "pk": 146,
    "fields": {
        "path": "000L000300010002",
        "depth": 4,
        "numchild": 1,
        "placeholder": 3,
        "parent": 143,
        "position": 1,
        "language": "en",
        "plugin_type": "Bootstrap4CardInnerPlugin",
        "creation_date": "2018-07-03T11:17:24.787Z",
        "changed_date": "2018-07-03T12:41:03.304Z"
    }
},
{
    "model": "cms.cmsplugin",
    "pk": 147,
    "fields": {
        "path": "000L0003000100020001",
        "depth": 5,
        "numchild": 0,
        "placeholder": 3,
        "parent": 146,
        "position": 0,
        "language": "en",
        "plugin_type": "PollPluginPublisher",
        "creation_date": "2018-07-03T12:24:58.098Z",
        "changed_date": "2018-07-03T12:41:03.307Z"
    }
},
{
    "model": "cms.title",
    "pk": 1,
    "fields": {
        "language": "en",
        "title": "The Opinions Company",
        "page_title": null,
        "menu_title": null,
        "meta_description": null,
        "slug": "opinions-company",
        "path": "",
        "has_url_overwrite": false,
        "redirect": null,
        "page": 1,
        "creation_date": "2018-07-03T11:07:12.038Z",
        "published": true,
        "publisher_is_draft": true,
        "publisher_public": 2,
        "publisher_state": 0
    }
},
{
    "model": "cms.title",
    "pk": 2,
    "fields": {
        "language": "en",
        "title": "The Opinions Company",
        "page_title": null,
        "menu_title": null,
        "meta_description": null,
        "slug": "opinions-company",
        "path": "",
        "has_url_overwrite": false,
        "redirect": null,
        "page": 2,
        "creation_date": "2018-07-03T11:07:12.038Z",
        "published": true,
        "publisher_is_draft": false,
        "publisher_public": 1,
        "publisher_state": 1
    }
},
{
    "model": "cms.title",
    "pk": 3,
    "fields": {
        "language": "en",
        "title": "Our methods",
        "page_title": "",
        "menu_title": "",
        "meta_description": "",
        "slug": "our-methods",
        "path": "our-methods",
        "has_url_overwrite": false,
        "redirect": null,
        "page": 3,
        "creation_date": "2018-07-03T11:07:36.940Z",
        "published": true,
        "publisher_is_draft": true,
        "publisher_public": 6,
        "publisher_state": 0
    }
},
{
    "model": "cms.title",
    "pk": 4,
    "fields": {
        "language": "en",
        "title": "All our opinion polls",
        "page_title": "",
        "menu_title": "",
        "meta_description": "",
        "slug": "all-our-opinion-polls",
        "path": "all-our-opinion-polls",
        "has_url_overwrite": false,
        "redirect": null,
        "page": 4,
        "creation_date": "2018-07-03T11:07:52.964Z",
        "published": true,
        "publisher_is_draft": true,
        "publisher_public": 5,
        "publisher_state": 0
    }
},
{
    "model": "cms.title",
    "pk": 5,
    "fields": {
        "language": "en",
        "title": "All our opinion polls",
        "page_title": "",
        "menu_title": "",
        "meta_description": "",
        "slug": "all-our-opinion-polls",
        "path": "all-our-opinion-polls",
        "has_url_overwrite": false,
        "redirect": null,
        "page": 5,
        "creation_date": "2018-07-03T11:07:52.964Z",
        "published": true,
        "publisher_is_draft": false,
        "publisher_public": 4,
        "publisher_state": 0
    }
},
{
    "model": "cms.title",
    "pk": 6,
    "fields": {
        "language": "en",
        "title": "Our methods",
        "page_title": "",
        "menu_title": "",
        "meta_description": "",
        "slug": "our-methods",
        "path": "our-methods",
        "has_url_overwrite": false,
        "redirect": null,
        "page": 6,
        "creation_date": "2018-07-03T11:07:36.940Z",
        "published": true,
        "publisher_is_draft": false,
        "publisher_public": 3,
        "publisher_state": 1
    }
},
{
    "model": "cms.urlconfrevision",
    "pk": 1,
    "fields": {
        "revision": "49ab6a4b-27ce-41c2-8df9-46ad276b3d17"
    }
},
{
    "model": "menus.cachekey",
    "pk": 11,
    "fields": {
        "language": "en",
        "site": 1,
        "key": "cms_3.5.2_menu_nodes_en_1_1_user:public"
    }
},
{
    "model": "menus.cachekey",
    "pk": 12,
    "fields": {
        "language": "en",
        "site": 1,
        "key": "cms_3.5.2_menu_nodes_en_1:public"
    }
},
{
    "model": "djangocms_text_ckeditor.text",
    "pk": 2,
    "fields": {
        "body": "<p>Because everyone has an opinion (and wants to share it)</p>"
    }
},
{
    "model": "djangocms_text_ckeditor.text",
    "pk": 9,
    "fields": {
        "body": "<h2>We all need opinions</h2>"
    }
},
{
    "model": "djangocms_text_ckeditor.text",
    "pk": 10,
    "fields": {
        "body": "<p>Lorem ipsum dolor sit amet, consectetur adipiscing elit. Vivamus vel venenatis ipsum. Duis tincidunt aliquam lacus at pretium. Sed ultricies purus non dui suscipit egestas. Integer sed laoreet nisl.\u00a0</p>"
    }
},
{
    "model": "djangocms_text_ckeditor.text",
    "pk": 18,
    "fields": {
        "body": "<h2>We have the best opinions</h2>"
    }
},
{
    "model": "djangocms_text_ckeditor.text",
    "pk": 20,
    "fields": {
        "body": "<p>They're totally great, you'll love them.\u00a0Nunc fringilla venenatis purus eu efficitur. Pellentesque at malesuada nisl. Maecenas a velit vitae justo gravida fringilla a quis massa.</p>"
    }
},
{
    "model": "djangocms_text_ckeditor.text",
    "pk": 30,
    "fields": {
        "body": "<h2>Poll of the day</h2>"
    }
},
{
    "model": "djangocms_text_ckeditor.text",
    "pk": 42,
    "fields": {
        "body": "<h2>Best question ever</h2>"
    }
},
{
    "model": "djangocms_text_ckeditor.text",
    "pk": 48,
    "fields": {
        "body": "<h2>What next?</h2>"
    }
},
{
    "model": "djangocms_text_ckeditor.text",
    "pk": 51,
    "fields": {
        "body": "<p>Maecenas nec ex non nulla cursus fringilla ut quis justo. Interdum et malesuada fames ac ante ipsum primis in faucibus.</p>\n\n<p>Nunc sit amet purus porta, sodales nulla quis, dignissim orci. Praesent auctor euismod erat sed vulputate.</p>\n\n<p>Donec vulputate hendrerit neque eu eleifend. Mauris porta condimentum dui, non ullamcorper ante. Sed pretium massa enim, at vehicula augue sagittis vel. Pellentesque ultrices, eros eu semper vulputate, metus orci luctus justo, eget tempor ipsum libero nec odio. Maecenas a tellus mauris. Vivamus luctus sapien ex, eu molestie lacus tincidunt et. Integer volutpat massa enim, a varius arcu semper sit amet.</p>\n\n<p>Pellentesque purus nulla, commodo vel est in, tempus suscipit libero.</p>"
    }
},
{
    "model": "djangocms_text_ckeditor.text",
    "pk": 99,
    "fields": {
        "body": "<h2>About poles</h2>"
    }
},
{
    "model": "djangocms_text_ckeditor.text",
    "pk": 100,
    "fields": {
        "body": "<h2>About poles</h2>"
    }
},
{
    "model": "djangocms_text_ckeditor.text",
    "pk": 101,
    "fields": {
        "body": "<h2>About polls</h2>"
    }
},
{
    "model": "djangocms_text_ckeditor.text",
    "pk": 102,
    "fields": {
        "body": "<p>Maecenas nec ex non nulla cursus fringilla ut quis justo. Interdum et malesuada fames ac ante ipsum primis in faucibus.</p>\n\n<p>Nunc sit amet purus porta, sodales nulla quis, dignissim orci. Praesent auctor euismod erat sed vulputate.</p>\n\n<p>Donec vulputate hendrerit neque eu eleifend. Mauris porta condimentum dui, non ullamcorper ante. Sed pretium massa enim, at vehicula augue sagittis vel. Pellentesque ultrices, eros eu semper vulputate, metus orci luctus justo, eget tempor ipsum libero nec odio. Maecenas a tellus mauris. Vivamus luctus sapien ex, eu molestie lacus tincidunt et. Integer volutpat massa enim, a varius arcu semper sit amet.</p>\n\n<p>Pellentesque purus nulla, commodo vel est in, tempus suscipit libero.</p>"
    }
},
{
    "model": "djangocms_text_ckeditor.text",
    "pk": 112,
    "fields": {
        "body": "<h2>About poles</h2>"
    }
},
{
    "model": "djangocms_text_ckeditor.text",
    "pk": 113,
    "fields": {
        "body": "<h2>About polls</h2>"
    }
},
{
    "model": "djangocms_text_ckeditor.text",
    "pk": 115,
    "fields": {
        "body": "<p>Because everyone has an opinion (and wants to share it)</p>"
    }
},
{
    "model": "djangocms_text_ckeditor.text",
    "pk": 120,
    "fields": {
        "body": "<h2>We all need opinions</h2>"
    }
},
{
    "model": "djangocms_text_ckeditor.text",
    "pk": 122,
    "fields": {
        "body": "<p>Lorem ipsum dolor sit amet, consectetur adipiscing elit. Vivamus vel venenatis ipsum. Duis tincidunt aliquam lacus at pretium. Sed ultricies purus non dui suscipit egestas. Integer sed laoreet nisl.\u00a0</p>"
    }
},
{
    "model": "djangocms_text_ckeditor.text",
    "pk": 126,
    "fields": {
        "body": "<h2>We have the best opinions</h2>"
    }
},
{
    "model": "djangocms_text_ckeditor.text",
    "pk": 128,
    "fields": {
        "body": "<p>They're totally great, you'll love them.\u00a0Nunc fringilla venenatis purus eu efficitur. Pellentesque at malesuada nisl. Maecenas a velit vitae justo gravida fringilla a quis massa.</p>"
    }
},
{
    "model": "djangocms_text_ckeditor.text",
    "pk": 133,
    "fields": {
        "body": "<h2>Poll of the day</h2>"
    }
},
{
    "model": "djangocms_text_ckeditor.text",
    "pk": 139,
    "fields": {
        "body": "<h2>Best question ever</h2>"
    }
},
{
    "model": "djangocms_text_ckeditor.text",
    "pk": 145,
    "fields": {
        "body": "<h2>What next?</h2>"
    }
},
{
    "model": "easy_thumbnails.source",
    "pk": 1,
    "fields": {
        "storage_hash": "f9bde26a1556cd667f742bd34ec7c55e",
        "name": "filer_public/b8/fe/b8feffdf-e63f-4160-a90b-5a1cc9b758ae/arctic_ocean.png",
        "modified": "2018-07-03T12:35:46.416Z"
    }
},
{
    "model": "easy_thumbnails.source",
    "pk": 2,
    "fields": {
        "storage_hash": "f9bde26a1556cd667f742bd34ec7c55e",
        "name": "filer_public/46/26/4626b447-95a0-44a8-abd2-fc833435b441/mercator_north_pole_1595.jpg",
        "modified": "2018-07-03T12:36:00.465Z"
    }
},
{
    "model": "easy_thumbnails.source",
    "pk": 3,
    "fields": {
        "storage_hash": "f9bde26a1556cd667f742bd34ec7c55e",
        "name": "filer_public/83/67/8367547b-d331-4e88-93e8-df80bf03eecc/pole-south.gif",
        "modified": "2018-07-03T12:36:51.273Z"
    }
},
{
    "model": "easy_thumbnails.source",
    "pk": 4,
    "fields": {
        "storage_hash": "f9bde26a1556cd667f742bd34ec7c55e",
        "name": "filer_public/cc/d1/ccd1570b-1adb-4240-b4f5-fba7626613bc/660px-antarctica_6400px_from_blue_marble.jpg",
        "modified": "2018-07-03T12:37:03.869Z"
    }
},
{
    "model": "easy_thumbnails.thumbnail",
    "pk": 1,
    "fields": {
        "storage_hash": "f9bde26a1556cd667f742bd34ec7c55e",
        "name": "filer_public_thumbnails/filer_public/b8/fe/b8feffdf-e63f-4160-a90b-5a1cc9b758ae/arctic_ocean.png__16x16_q85_crop_subsampling-2_upscale.jpg",
        "modified": "2018-07-03T12:31:17.600Z",
        "source": 1
    }
},
{
    "model": "easy_thumbnails.thumbnail",
    "pk": 2,
    "fields": {
        "storage_hash": "f9bde26a1556cd667f742bd34ec7c55e",
        "name": "filer_public_thumbnails/filer_public/b8/fe/b8feffdf-e63f-4160-a90b-5a1cc9b758ae/arctic_ocean.png__32x32_q85_crop_subsampling-2_upscale.jpg",
        "modified": "2018-07-03T12:31:17.609Z",
        "source": 1
    }
},
{
    "model": "easy_thumbnails.thumbnail",
    "pk": 3,
    "fields": {
        "storage_hash": "f9bde26a1556cd667f742bd34ec7c55e",
        "name": "filer_public_thumbnails/filer_public/b8/fe/b8feffdf-e63f-4160-a90b-5a1cc9b758ae/arctic_ocean.png__48x48_q85_crop_subsampling-2_upscale.jpg",
        "modified": "2018-07-03T12:31:17.617Z",
        "source": 1
    }
},
{
    "model": "easy_thumbnails.thumbnail",
    "pk": 4,
    "fields": {
        "storage_hash": "f9bde26a1556cd667f742bd34ec7c55e",
        "name": "filer_public_thumbnails/filer_public/b8/fe/b8feffdf-e63f-4160-a90b-5a1cc9b758ae/arctic_ocean.png__64x64_q85_crop_subsampling-2_upscale.jpg",
        "modified": "2018-07-03T12:31:17.624Z",
        "source": 1
    }
},
{
    "model": "easy_thumbnails.thumbnail",
    "pk": 5,
    "fields": {
        "storage_hash": "f9bde26a1556cd667f742bd34ec7c55e",
        "name": "filer_public_thumbnails/filer_public/b8/fe/b8feffdf-e63f-4160-a90b-5a1cc9b758ae/arctic_ocean.png__180x180_q85_crop_subsampling-2_upscale.jpg",
        "modified": "2018-07-03T12:31:17.640Z",
        "source": 1
    }
},
{
    "model": "easy_thumbnails.thumbnail",
    "pk": 6,
    "fields": {
        "storage_hash": "f9bde26a1556cd667f742bd34ec7c55e",
        "name": "filer_public_thumbnails/filer_public/46/26/4626b447-95a0-44a8-abd2-fc833435b441/mercator_north_pole_1595.jpg__16x16_q85_crop_subsampling-2_upscale.jpg",
        "modified": "2018-07-03T12:31:24.956Z",
        "source": 2
    }
},
{
    "model": "easy_thumbnails.thumbnail",
    "pk": 7,
    "fields": {
        "storage_hash": "f9bde26a1556cd667f742bd34ec7c55e",
        "name": "filer_public_thumbnails/filer_public/46/26/4626b447-95a0-44a8-abd2-fc833435b441/mercator_north_pole_1595.jpg__32x32_q85_crop_subsampling-2_upscale.jpg",
        "modified": "2018-07-03T12:31:24.986Z",
        "source": 2
    }
},
{
    "model": "easy_thumbnails.thumbnail",
    "pk": 8,
    "fields": {
        "storage_hash": "f9bde26a1556cd667f742bd34ec7c55e",
        "name": "filer_public_thumbnails/filer_public/46/26/4626b447-95a0-44a8-abd2-fc833435b441/mercator_north_pole_1595.jpg__48x48_q85_crop_subsampling-2_upscale.jpg",
        "modified": "2018-07-03T12:31:25.008Z",
        "source": 2
    }
},
{
    "model": "easy_thumbnails.thumbnail",
    "pk": 9,
    "fields": {
        "storage_hash": "f9bde26a1556cd667f742bd34ec7c55e",
        "name": "filer_public_thumbnails/filer_public/46/26/4626b447-95a0-44a8-abd2-fc833435b441/mercator_north_pole_1595.jpg__64x64_q85_crop_subsampling-2_upscale.jpg",
        "modified": "2018-07-03T12:31:25.031Z",
        "source": 2
    }
},
{
    "model": "easy_thumbnails.thumbnail",
    "pk": 10,
    "fields": {
        "storage_hash": "f9bde26a1556cd667f742bd34ec7c55e",
        "name": "filer_public_thumbnails/filer_public/46/26/4626b447-95a0-44a8-abd2-fc833435b441/mercator_north_pole_1595.jpg__180x180_q85_crop_subsampling-2_upscale.jpg",
        "modified": "2018-07-03T12:31:25.063Z",
        "source": 2
    }
},
{
    "model": "easy_thumbnails.thumbnail",
    "pk": 11,
    "fields": {
        "storage_hash": "f9bde26a1556cd667f742bd34ec7c55e",
        "name": "filer_public_thumbnails/filer_public/83/67/8367547b-d331-4e88-93e8-df80bf03eecc/pole-south.gif__16x16_q85_crop_subsampling-2_upscale.png",
        "modified": "2018-07-03T12:31:27.254Z",
        "source": 3
    }
},
{
    "model": "easy_thumbnails.thumbnail",
    "pk": 12,
    "fields": {
        "storage_hash": "f9bde26a1556cd667f742bd34ec7c55e",
        "name": "filer_public_thumbnails/filer_public/83/67/8367547b-d331-4e88-93e8-df80bf03eecc/pole-south.gif__32x32_q85_crop_subsampling-2_upscale.png",
        "modified": "2018-07-03T12:31:27.261Z",
        "source": 3
    }
},
{
    "model": "easy_thumbnails.thumbnail",
    "pk": 13,
    "fields": {
        "storage_hash": "f9bde26a1556cd667f742bd34ec7c55e",
        "name": "filer_public_thumbnails/filer_public/83/67/8367547b-d331-4e88-93e8-df80bf03eecc/pole-south.gif__48x48_q85_crop_subsampling-2_upscale.png",
        "modified": "2018-07-03T12:31:27.268Z",
        "source": 3
    }
},
{
    "model": "easy_thumbnails.thumbnail",
    "pk": 14,
    "fields": {
        "storage_hash": "f9bde26a1556cd667f742bd34ec7c55e",
        "name": "filer_public_thumbnails/filer_public/83/67/8367547b-d331-4e88-93e8-df80bf03eecc/pole-south.gif__64x64_q85_crop_subsampling-2_upscale.png",
        "modified": "2018-07-03T12:31:27.276Z",
        "source": 3
    }
},
{
    "model": "easy_thumbnails.thumbnail",
    "pk": 15,
    "fields": {
        "storage_hash": "f9bde26a1556cd667f742bd34ec7c55e",
        "name": "filer_public_thumbnails/filer_public/83/67/8367547b-d331-4e88-93e8-df80bf03eecc/pole-south.gif__180x180_q85_crop_subsampling-2_upscale.png",
        "modified": "2018-07-03T12:31:27.295Z",
        "source": 3
    }
},
{
    "model": "easy_thumbnails.thumbnail",
    "pk": 16,
    "fields": {
        "storage_hash": "f9bde26a1556cd667f742bd34ec7c55e",
        "name": "filer_public_thumbnails/filer_public/cc/d1/ccd1570b-1adb-4240-b4f5-fba7626613bc/660px-antarctica_6400px_from_blue_marble.jpg__16x16_q85_crop_subsampling-2_upscale.jpg",
        "modified": "2018-07-03T12:31:33.844Z",
        "source": 4
    }
},
{
    "model": "easy_thumbnails.thumbnail",
    "pk": 17,
    "fields": {
        "storage_hash": "f9bde26a1556cd667f742bd34ec7c55e",
        "name": "filer_public_thumbnails/filer_public/cc/d1/ccd1570b-1adb-4240-b4f5-fba7626613bc/660px-antarctica_6400px_from_blue_marble.jpg__32x32_q85_crop_subsampling-2_upscale.jpg",
        "modified": "2018-07-03T12:31:33.869Z",
        "source": 4
    }
},
{
    "model": "easy_thumbnails.thumbnail",
    "pk": 18,
    "fields": {
        "storage_hash": "f9bde26a1556cd667f742bd34ec7c55e",
        "name": "filer_public_thumbnails/filer_public/cc/d1/ccd1570b-1adb-4240-b4f5-fba7626613bc/660px-antarctica_6400px_from_blue_marble.jpg__48x48_q85_crop_subsampling-2_upscale.jpg",
        "modified": "2018-07-03T12:31:33.893Z",
        "source": 4
    }
},
{
    "model": "easy_thumbnails.thumbnail",
    "pk": 19,
    "fields": {
        "storage_hash": "f9bde26a1556cd667f742bd34ec7c55e",
        "name": "filer_public_thumbnails/filer_public/cc/d1/ccd1570b-1adb-4240-b4f5-fba7626613bc/660px-antarctica_6400px_from_blue_marble.jpg__64x64_q85_crop_subsampling-2_upscale.jpg",
        "modified": "2018-07-03T12:31:33.921Z",
        "source": 4
    }
},
{
    "model": "easy_thumbnails.thumbnail",
    "pk": 20,
    "fields": {
        "storage_hash": "f9bde26a1556cd667f742bd34ec7c55e",
        "name": "filer_public_thumbnails/filer_public/cc/d1/ccd1570b-1adb-4240-b4f5-fba7626613bc/660px-antarctica_6400px_from_blue_marble.jpg__180x180_q85_crop_subsampling-2_upscale.jpg",
        "modified": "2018-07-03T12:31:33.957Z",
        "source": 4
    }
},
{
    "model": "easy_thumbnails.thumbnail",
    "pk": 21,
    "fields": {
        "storage_hash": "f9bde26a1556cd667f742bd34ec7c55e",
        "name": "filer_public_thumbnails/filer_public/cc/d1/ccd1570b-1adb-4240-b4f5-fba7626613bc/660px-antarctica_6400px_from_blue_marble.jpg__210x0_q85_subsampling-2_upscale.jpg",
        "modified": "2018-07-03T12:31:39.584Z",
        "source": 4
    }
},
{
    "model": "easy_thumbnails.thumbnail",
    "pk": 22,
    "fields": {
        "storage_hash": "f9bde26a1556cd667f742bd34ec7c55e",
        "name": "filer_public_thumbnails/filer_public/cc/d1/ccd1570b-1adb-4240-b4f5-fba7626613bc/660px-antarctica_6400px_from_blue_marble.jpg__16x16_q85_crop_subject_location-330,330_subsampling-2_upscale.jpg",
        "modified": "2018-07-03T12:31:51.523Z",
        "source": 4
    }
},
{
    "model": "easy_thumbnails.thumbnail",
    "pk": 23,
    "fields": {
        "storage_hash": "f9bde26a1556cd667f742bd34ec7c55e",
        "name": "filer_public_thumbnails/filer_public/cc/d1/ccd1570b-1adb-4240-b4f5-fba7626613bc/660px-antarctica_6400px_from_blue_marble.jpg__32x32_q85_crop_subject_location-330,330_subsampling-2_upscale.jpg",
        "modified": "2018-07-03T12:31:51.547Z",
        "source": 4
    }
},
{
    "model": "easy_thumbnails.thumbnail",
    "pk": 24,
    "fields": {
        "storage_hash": "f9bde26a1556cd667f742bd34ec7c55e",
        "name": "filer_public_thumbnails/filer_public/cc/d1/ccd1570b-1adb-4240-b4f5-fba7626613bc/660px-antarctica_6400px_from_blue_marble.jpg__48x48_q85_crop_subject_location-330,330_subsampling-2_upscale.jpg",
        "modified": "2018-07-03T12:31:51.570Z",
        "source": 4
    }
},
{
    "model": "easy_thumbnails.thumbnail",
    "pk": 25,
    "fields": {
        "storage_hash": "f9bde26a1556cd667f742bd34ec7c55e",
        "name": "filer_public_thumbnails/filer_public/cc/d1/ccd1570b-1adb-4240-b4f5-fba7626613bc/660px-antarctica_6400px_from_blue_marble.jpg__64x64_q85_crop_subject_location-330,330_subsampling-2_upscale.jpg",
        "modified": "2018-07-03T12:31:51.592Z",
        "source": 4
    }
},
{
    "model": "easy_thumbnails.thumbnail",
    "pk": 26,
    "fields": {
        "storage_hash": "f9bde26a1556cd667f742bd34ec7c55e",
        "name": "filer_public_thumbnails/filer_public/46/26/4626b447-95a0-44a8-abd2-fc833435b441/mercator_north_pole_1595.jpg__210x0_q85_subsampling-2_upscale.jpg",
        "modified": "2018-07-03T12:31:53.199Z",
        "source": 2
    }
},
{
    "model": "easy_thumbnails.thumbnail",
    "pk": 27,
    "fields": {
        "storage_hash": "f9bde26a1556cd667f742bd34ec7c55e",
        "name": "filer_public_thumbnails/filer_public/46/26/4626b447-95a0-44a8-abd2-fc833435b441/mercator_north_pole_1595.jpg__16x16_q85_crop_subject_location-0,0_subsampling-2_upscale.jpg",
        "modified": "2018-07-03T12:32:02.991Z",
        "source": 2
    }
},
{
    "model": "easy_thumbnails.thumbnail",
    "pk": 28,
    "fields": {
        "storage_hash": "f9bde26a1556cd667f742bd34ec7c55e",
        "name": "filer_public_thumbnails/filer_public/46/26/4626b447-95a0-44a8-abd2-fc833435b441/mercator_north_pole_1595.jpg__32x32_q85_crop_subject_location-0,0_subsampling-2_upscale.jpg",
        "modified": "2018-07-03T12:32:03.016Z",
        "source": 2
    }
},
{
    "model": "easy_thumbnails.thumbnail",
    "pk": 29,
    "fields": {
        "storage_hash": "f9bde26a1556cd667f742bd34ec7c55e",
        "name": "filer_public_thumbnails/filer_public/46/26/4626b447-95a0-44a8-abd2-fc833435b441/mercator_north_pole_1595.jpg__48x48_q85_crop_subject_location-0,0_subsampling-2_upscale.jpg",
        "modified": "2018-07-03T12:32:03.043Z",
        "source": 2
    }
},
{
    "model": "easy_thumbnails.thumbnail",
    "pk": 30,
    "fields": {
        "storage_hash": "f9bde26a1556cd667f742bd34ec7c55e",
        "name": "filer_public_thumbnails/filer_public/46/26/4626b447-95a0-44a8-abd2-fc833435b441/mercator_north_pole_1595.jpg__64x64_q85_crop_subject_location-0,0_subsampling-2_upscale.jpg",
        "modified": "2018-07-03T12:32:03.067Z",
        "source": 2
    }
},
{
    "model": "easy_thumbnails.thumbnail",
    "pk": 31,
    "fields": {
        "storage_hash": "f9bde26a1556cd667f742bd34ec7c55e",
        "name": "filer_public_thumbnails/filer_public/83/67/8367547b-d331-4e88-93e8-df80bf03eecc/pole-south.gif__210x0_q85_subsampling-2_upscale.png",
        "modified": "2018-07-03T12:32:04.605Z",
        "source": 3
    }
},
{
    "model": "easy_thumbnails.thumbnail",
    "pk": 32,
    "fields": {
        "storage_hash": "f9bde26a1556cd667f742bd34ec7c55e",
        "name": "filer_public_thumbnails/filer_public/83/67/8367547b-d331-4e88-93e8-df80bf03eecc/pole-south.gif__16x16_q85_crop_subject_location-165,165_subsampling-2_upscale.png",
        "modified": "2018-07-03T12:32:14.265Z",
        "source": 3
    }
},
{
    "model": "easy_thumbnails.thumbnail",
    "pk": 33,
    "fields": {
        "storage_hash": "f9bde26a1556cd667f742bd34ec7c55e",
        "name": "filer_public_thumbnails/filer_public/83/67/8367547b-d331-4e88-93e8-df80bf03eecc/pole-south.gif__32x32_q85_crop_subject_location-165,165_subsampling-2_upscale.png",
        "modified": "2018-07-03T12:32:14.273Z",
        "source": 3
    }
},
{
    "model": "easy_thumbnails.thumbnail",
    "pk": 34,
    "fields": {
        "storage_hash": "f9bde26a1556cd667f742bd34ec7c55e",
        "name": "filer_public_thumbnails/filer_public/83/67/8367547b-d331-4e88-93e8-df80bf03eecc/pole-south.gif__48x48_q85_crop_subject_location-165,165_subsampling-2_upscale.png",
        "modified": "2018-07-03T12:32:14.280Z",
        "source": 3
    }
},
{
    "model": "easy_thumbnails.thumbnail",
    "pk": 35,
    "fields": {
        "storage_hash": "f9bde26a1556cd667f742bd34ec7c55e",
        "name": "filer_public_thumbnails/filer_public/83/67/8367547b-d331-4e88-93e8-df80bf03eecc/pole-south.gif__64x64_q85_crop_subject_location-165,165_subsampling-2_upscale.png",
        "modified": "2018-07-03T12:32:14.288Z",
        "source": 3
    }
},
{
    "model": "easy_thumbnails.thumbnail",
    "pk": 36,
    "fields": {
        "storage_hash": "f9bde26a1556cd667f742bd34ec7c55e",
        "name": "filer_public_thumbnails/filer_public/46/26/4626b447-95a0-44a8-abd2-fc833435b441/mercator_north_pole_1595.jpg__210x0_q85_subject_location-0,0_subsampling-2_upscale.jpg",
        "modified": "2018-07-03T12:32:17.191Z",
        "source": 2
    }
},
{
    "model": "easy_thumbnails.thumbnail",
    "pk": 37,
    "fields": {
        "storage_hash": "f9bde26a1556cd667f742bd34ec7c55e",
        "name": "filer_public_thumbnails/filer_public/b8/fe/b8feffdf-e63f-4160-a90b-5a1cc9b758ae/arctic_ocean.png__210x0_q85_subsampling-2_upscale.jpg",
        "modified": "2018-07-03T12:32:20.894Z",
        "source": 1
    }
},
{
    "model": "easy_thumbnails.thumbnail",
    "pk": 38,
    "fields": {
        "storage_hash": "f9bde26a1556cd667f742bd34ec7c55e",
        "name": "filer_public_thumbnails/filer_public/b8/fe/b8feffdf-e63f-4160-a90b-5a1cc9b758ae/arctic_ocean.png__16x16_q85_crop_subject_location-165,165_subsampling-2_upscale.jpg",
        "modified": "2018-07-03T12:32:28.352Z",
        "source": 1
    }
},
{
    "model": "easy_thumbnails.thumbnail",
    "pk": 39,
    "fields": {
        "storage_hash": "f9bde26a1556cd667f742bd34ec7c55e",
        "name": "filer_public_thumbnails/filer_public/b8/fe/b8feffdf-e63f-4160-a90b-5a1cc9b758ae/arctic_ocean.png__32x32_q85_crop_subject_location-165,165_subsampling-2_upscale.jpg",
        "modified": "2018-07-03T12:32:28.360Z",
        "source": 1
    }
},
{
    "model": "easy_thumbnails.thumbnail",
    "pk": 40,
    "fields": {
        "storage_hash": "f9bde26a1556cd667f742bd34ec7c55e",
        "name": "filer_public_thumbnails/filer_public/b8/fe/b8feffdf-e63f-4160-a90b-5a1cc9b758ae/arctic_ocean.png__48x48_q85_crop_subject_location-165,165_subsampling-2_upscale.jpg",
        "modified": "2018-07-03T12:32:28.366Z",
        "source": 1
    }
},
{
    "model": "easy_thumbnails.thumbnail",
    "pk": 41,
    "fields": {
        "storage_hash": "f9bde26a1556cd667f742bd34ec7c55e",
        "name": "filer_public_thumbnails/filer_public/b8/fe/b8feffdf-e63f-4160-a90b-5a1cc9b758ae/arctic_ocean.png__64x64_q85_crop_subject_location-165,165_subsampling-2_upscale.jpg",
        "modified": "2018-07-03T12:32:28.373Z",
        "source": 1
    }
},
{
    "model": "easy_thumbnails.thumbnail",
    "pk": 42,
    "fields": {
        "storage_hash": "f9bde26a1556cd667f742bd34ec7c55e",
        "name": "filer_public_thumbnails/filer_public/b8/fe/b8feffdf-e63f-4160-a90b-5a1cc9b758ae/arctic_ocean.png__329x330_q85_subject_location-165,165_subsampling-2.jpg",
        "modified": "2018-07-03T12:35:46.423Z",
        "source": 1
    }
},
{
    "model": "easy_thumbnails.thumbnail",
    "pk": 43,
    "fields": {
        "storage_hash": "f9bde26a1556cd667f742bd34ec7c55e",
        "name": "filer_public_thumbnails/filer_public/46/26/4626b447-95a0-44a8-abd2-fc833435b441/mercator_north_pole_1595.jpg__600x567_q85_subject_location-0,0_subsampling-2.jpg",
        "modified": "2018-07-03T12:36:00.468Z",
        "source": 2
    }
},
{
    "model": "easy_thumbnails.thumbnail",
    "pk": 44,
    "fields": {
        "storage_hash": "f9bde26a1556cd667f742bd34ec7c55e",
        "name": "filer_public_thumbnails/filer_public/83/67/8367547b-d331-4e88-93e8-df80bf03eecc/pole-south.gif__330x330_q85_subject_location-165,165_subsampling-2.png",
        "modified": "2018-07-03T12:36:51.276Z",
        "source": 3
    }
},
{
    "model": "easy_thumbnails.thumbnail",
    "pk": 45,
    "fields": {
        "storage_hash": "f9bde26a1556cd667f742bd34ec7c55e",
        "name": "filer_public_thumbnails/filer_public/cc/d1/ccd1570b-1adb-4240-b4f5-fba7626613bc/660px-antarctica_6400px_from_blue_marble.jpg__660x660_q85_subject_location-330,330_subsampling-2.jpg",
        "modified": "2018-07-03T12:37:03.872Z",
        "source": 4
    }
},
{
    "model": "bootstrap4_card.bootstrap4card",
    "pk": 6,
    "fields": {
        "card_type": "card",
        "card_context": "primary",
        "card_alignment": "",
        "card_outline": false,
        "card_text_color": "",
        "tag_type": "div",
        "attributes": {}
    }
},
{
    "model": "bootstrap4_card.bootstrap4card",
    "pk": 16,
    "fields": {
        "card_type": "card",
        "card_context": "danger",
        "card_alignment": "",
        "card_outline": false,
        "card_text_color": "",
        "tag_type": "div",
        "attributes": {}
    }
},
{
    "model": "bootstrap4_card.bootstrap4card",
    "pk": 28,
    "fields": {
        "card_type": "card",
        "card_context": "warning",
        "card_alignment": "",
        "card_outline": false,
        "card_text_color": "white",
        "tag_type": "div",
        "attributes": {}
    }
},
{
    "model": "bootstrap4_card.bootstrap4card",
    "pk": 40,
    "fields": {
        "card_type": "card",
        "card_context": "success",
        "card_alignment": "",
        "card_outline": false,
        "card_text_color": "",
        "tag_type": "div",
        "attributes": {}
    }
},
{
    "model": "bootstrap4_card.bootstrap4card",
    "pk": 46,
    "fields": {
        "card_type": "card",
        "card_context": "info",
        "card_alignment": "",
        "card_outline": false,
        "card_text_color": "",
        "tag_type": "div",
        "attributes": {}
    }
},
{
    "model": "bootstrap4_card.bootstrap4card",
    "pk": 118,
    "fields": {
        "card_type": "card",
        "card_context": "primary",
        "card_alignment": "",
        "card_outline": false,
        "card_text_color": "",
        "tag_type": "div",
        "attributes": {}
    }
},
{
    "model": "bootstrap4_card.bootstrap4card",
    "pk": 124,
    "fields": {
        "card_type": "card",
        "card_context": "danger",
        "card_alignment": "",
        "card_outline": false,
        "card_text_color": "",
        "tag_type": "div",
        "attributes": {}
    }
},
{
    "model": "bootstrap4_card.bootstrap4card",
    "pk": 131,
    "fields": {
        "card_type": "card",
        "card_context": "warning",
        "card_alignment": "",
        "card_outline": false,
        "card_text_color": "white",
        "tag_type": "div",
        "attributes": {}
    }
},
{
    "model": "bootstrap4_card.bootstrap4card",
    "pk": 137,
    "fields": {
        "card_type": "card",
        "card_context": "success",
        "card_alignment": "",
        "card_outline": false,
        "card_text_color": "",
        "tag_type": "div",
        "attributes": {}
    }
},
{
    "model": "bootstrap4_card.bootstrap4card",
    "pk": 143,
    "fields": {
        "card_type": "card",
        "card_context": "info",
        "card_alignment": "",
        "card_outline": false,
        "card_text_color": "",
        "tag_type": "div",
        "attributes": {}
    }
},
{
    "model": "bootstrap4_card.bootstrap4cardinner",
    "pk": 7,
    "fields": {
        "inner_type": "card-header",
        "tag_type": "div",
        "attributes": {}
    }
},
{
    "model": "bootstrap4_card.bootstrap4cardinner",
    "pk": 8,
    "fields": {
        "inner_type": "card-body",
        "tag_type": "div",
        "attributes": {}
    }
},
{
    "model": "bootstrap4_card.bootstrap4cardinner",
    "pk": 17,
    "fields": {
        "inner_type": "card-header",
        "tag_type": "div",
        "attributes": {}
    }
},
{
    "model": "bootstrap4_card.bootstrap4cardinner",
    "pk": 19,
    "fields": {
        "inner_type": "card-body",
        "tag_type": "div",
        "attributes": {}
    }
},
{
    "model": "bootstrap4_card.bootstrap4cardinner",
    "pk": 29,
    "fields": {
        "inner_type": "card-header",
        "tag_type": "div",
        "attributes": {}
    }
},
{
    "model": "bootstrap4_card.bootstrap4cardinner",
    "pk": 31,
    "fields": {
        "inner_type": "card-body",
        "tag_type": "div",
        "attributes": {}
    }
},
{
    "model": "bootstrap4_card.bootstrap4cardinner",
    "pk": 41,
    "fields": {
        "inner_type": "card-header",
        "tag_type": "div",
        "attributes": {}
    }
},
{
    "model": "bootstrap4_card.bootstrap4cardinner",
    "pk": 43,
    "fields": {
        "inner_type": "card-body",
        "tag_type": "div",
        "attributes": {}
    }
},
{
    "model": "bootstrap4_card.bootstrap4cardinner",
    "pk": 47,
    "fields": {
        "inner_type": "card-header",
        "tag_type": "div",
        "attributes": {}
    }
},
{
    "model": "bootstrap4_card.bootstrap4cardinner",
    "pk": 49,
    "fields": {
        "inner_type": "card-body",
        "tag_type": "div",
        "attributes": {}
    }
},
{
    "model": "bootstrap4_card.bootstrap4cardinner",
    "pk": 119,
    "fields": {
        "inner_type": "card-header",
        "tag_type": "div",
        "attributes": {}
    }
},
{
    "model": "bootstrap4_card.bootstrap4cardinner",
    "pk": 121,
    "fields": {
        "inner_type": "card-body",
        "tag_type": "div",
        "attributes": {}
    }
},
{
    "model": "bootstrap4_card.bootstrap4cardinner",
    "pk": 125,
    "fields": {
        "inner_type": "card-header",
        "tag_type": "div",
        "attributes": {}
    }
},
{
    "model": "bootstrap4_card.bootstrap4cardinner",
    "pk": 127,
    "fields": {
        "inner_type": "card-body",
        "tag_type": "div",
        "attributes": {}
    }
},
{
    "model": "bootstrap4_card.bootstrap4cardinner",
    "pk": 132,
    "fields": {
        "inner_type": "card-header",
        "tag_type": "div",
        "attributes": {}
    }
},
{
    "model": "bootstrap4_card.bootstrap4cardinner",
    "pk": 134,
    "fields": {
        "inner_type": "card-body",
        "tag_type": "div",
        "attributes": {}
    }
},
{
    "model": "bootstrap4_card.bootstrap4cardinner",
    "pk": 138,
    "fields": {
        "inner_type": "card-header",
        "tag_type": "div",
        "attributes": {}
    }
},
{
    "model": "bootstrap4_card.bootstrap4cardinner",
    "pk": 140,
    "fields": {
        "inner_type": "card-body",
        "tag_type": "div",
        "attributes": {}
    }
},
{
    "model": "bootstrap4_card.bootstrap4cardinner",
    "pk": 144,
    "fields": {
        "inner_type": "card-header",
        "tag_type": "div",
        "attributes": {}
    }
},
{
    "model": "bootstrap4_card.bootstrap4cardinner",
    "pk": 146,
    "fields": {
        "inner_type": "card-body",
        "tag_type": "div",
        "attributes": {}
    }
},
{
    "model": "bootstrap4_grid.bootstrap4gridrow",
    "pk": 3,
    "fields": {
        "vertical_alignment": "",
        "horizontal_alignment": "",
        "gutters": false,
        "tag_type": "div",
        "attributes": {}
    }
},
{
    "model": "bootstrap4_grid.bootstrap4gridrow",
    "pk": 21,
    "fields": {
        "vertical_alignment": "",
        "horizontal_alignment": "",
        "gutters": false,
        "tag_type": "div",
        "attributes": {}
    }
},
{
    "model": "bootstrap4_grid.bootstrap4gridrow",
    "pk": 89,
    "fields": {
        "vertical_alignment": "",
        "horizontal_alignment": "",
        "gutters": false,
        "tag_type": "div",
        "attributes": {}
    }
},
{
    "model": "bootstrap4_grid.bootstrap4gridrow",
    "pk": 103,
    "fields": {
        "vertical_alignment": "",
        "horizontal_alignment": "",
        "gutters": false,
        "tag_type": "div",
        "attributes": {}
    }
},
{
    "model": "bootstrap4_grid.bootstrap4gridrow",
    "pk": 116,
    "fields": {
        "vertical_alignment": "",
        "horizontal_alignment": "",
        "gutters": false,
        "tag_type": "div",
        "attributes": {}
    }
},
{
    "model": "bootstrap4_grid.bootstrap4gridrow",
    "pk": 129,
    "fields": {
        "vertical_alignment": "",
        "horizontal_alignment": "",
        "gutters": false,
        "tag_type": "div",
        "attributes": {}
    }
},
{
    "model": "bootstrap4_grid.bootstrap4gridcolumn",
    "pk": 4,
    "fields": {
        "column_type": "col",
        "column_size": 12,
        "column_alignment": "",
        "tag_type": "div",
        "attributes": {},
        "xs_col": null,
        "xs_order": null,
        "xs_ml": false,
        "xs_mr": false,
        "sm_col": null,
        "sm_order": null,
        "sm_ml": false,
        "sm_mr": false,
        "md_col": 6,
        "md_order": null,
        "md_ml": false,
        "md_mr": false,
        "lg_col": null,
        "lg_order": null,
        "lg_ml": false,
        "lg_mr": false,
        "xl_col": null,
        "xl_order": null,
        "xl_ml": false,
        "xl_mr": false
    }
},
{
    "model": "bootstrap4_grid.bootstrap4gridcolumn",
    "pk": 5,
    "fields": {
        "column_type": "col",
        "column_size": 12,
        "column_alignment": "",
        "tag_type": "div",
        "attributes": {},
        "xs_col": null,
        "xs_order": null,
        "xs_ml": false,
        "xs_mr": false,
        "sm_col": null,
        "sm_order": null,
        "sm_ml": false,
        "sm_mr": false,
        "md_col": 6,
        "md_order": null,
        "md_ml": false,
        "md_mr": false,
        "lg_col": null,
        "lg_order": null,
        "lg_ml": false,
        "lg_mr": false,
        "xl_col": null,
        "xl_order": null,
        "xl_ml": false,
        "xl_mr": false
    }
},
{
    "model": "bootstrap4_grid.bootstrap4gridcolumn",
    "pk": 22,
    "fields": {
        "column_type": "col",
        "column_size": 12,
        "column_alignment": "",
        "tag_type": "div",
        "attributes": {},
        "xs_col": null,
        "xs_order": null,
        "xs_ml": false,
        "xs_mr": false,
        "sm_col": null,
        "sm_order": null,
        "sm_ml": false,
        "sm_mr": false,
        "md_col": null,
        "md_order": null,
        "md_ml": false,
        "md_mr": false,
        "lg_col": 4,
        "lg_order": null,
        "lg_ml": false,
        "lg_mr": false,
        "xl_col": null,
        "xl_order": null,
        "xl_ml": false,
        "xl_mr": false
    }
},
{
    "model": "bootstrap4_grid.bootstrap4gridcolumn",
    "pk": 39,
    "fields": {
        "column_type": "col",
        "column_size": 12,
        "column_alignment": "",
        "tag_type": "div",
        "attributes": {},
        "xs_col": null,
        "xs_order": null,
        "xs_ml": false,
        "xs_mr": false,
        "sm_col": null,
        "sm_order": null,
        "sm_ml": false,
        "sm_mr": false,
        "md_col": null,
        "md_order": null,
        "md_ml": false,
        "md_mr": false,
        "lg_col": 4,
        "lg_order": null,
        "lg_ml": false,
        "lg_mr": false,
        "xl_col": null,
        "xl_order": null,
        "xl_ml": false,
        "xl_mr": false
    }
},
{
    "model": "bootstrap4_grid.bootstrap4gridcolumn",
    "pk": 45,
    "fields": {
        "column_type": "col",
        "column_size": 12,
        "column_alignment": "",
        "tag_type": "div",
        "attributes": {},
        "xs_col": null,
        "xs_order": null,
        "xs_ml": false,
        "xs_mr": false,
        "sm_col": null,
        "sm_order": null,
        "sm_ml": false,
        "sm_mr": false,
        "md_col": null,
        "md_order": null,
        "md_ml": false,
        "md_mr": false,
        "lg_col": 4,
        "lg_order": null,
        "lg_ml": false,
        "lg_mr": false,
        "xl_col": null,
        "xl_order": null,
        "xl_ml": false,
        "xl_mr": false
    }
},
{
    "model": "bootstrap4_grid.bootstrap4gridcolumn",
    "pk": 90,
    "fields": {
        "column_type": "col",
        "column_size": 12,
        "column_alignment": "",
        "tag_type": "div",
        "attributes": {},
        "xs_col": null,
        "xs_order": null,
        "xs_ml": false,
        "xs_mr": false,
        "sm_col": 6,
        "sm_order": null,
        "sm_ml": false,
        "sm_mr": false,
        "md_col": 3,
        "md_order": null,
        "md_ml": false,
        "md_mr": false,
        "lg_col": null,
        "lg_order": null,
        "lg_ml": false,
        "lg_mr": false,
        "xl_col": null,
        "xl_order": null,
        "xl_ml": false,
        "xl_mr": false
    }
},
{
    "model": "bootstrap4_grid.bootstrap4gridcolumn",
    "pk": 92,
    "fields": {
        "column_type": "col",
        "column_size": 12,
        "column_alignment": "",
        "tag_type": "div",
        "attributes": {},
        "xs_col": null,
        "xs_order": null,
        "xs_ml": false,
        "xs_mr": false,
        "sm_col": 6,
        "sm_order": null,
        "sm_ml": false,
        "sm_mr": false,
        "md_col": 3,
        "md_order": null,
        "md_ml": false,
        "md_mr": false,
        "lg_col": null,
        "lg_order": null,
        "lg_ml": false,
        "lg_mr": false,
        "xl_col": null,
        "xl_order": null,
        "xl_ml": false,
        "xl_mr": false
    }
},
{
    "model": "bootstrap4_grid.bootstrap4gridcolumn",
    "pk": 93,
    "fields": {
        "column_type": "col",
        "column_size": 12,
        "column_alignment": "",
        "tag_type": "div",
        "attributes": {},
        "xs_col": null,
        "xs_order": null,
        "xs_ml": false,
        "xs_mr": false,
        "sm_col": 6,
        "sm_order": null,
        "sm_ml": false,
        "sm_mr": false,
        "md_col": 3,
        "md_order": null,
        "md_ml": false,
        "md_mr": false,
        "lg_col": null,
        "lg_order": null,
        "lg_ml": false,
        "lg_mr": false,
        "xl_col": null,
        "xl_order": null,
        "xl_ml": false,
        "xl_mr": false
    }
},
{
    "model": "bootstrap4_grid.bootstrap4gridcolumn",
    "pk": 94,
    "fields": {
        "column_type": "col",
        "column_size": 12,
        "column_alignment": "",
        "tag_type": "div",
        "attributes": {},
        "xs_col": null,
        "xs_order": null,
        "xs_ml": false,
        "xs_mr": false,
        "sm_col": 6,
        "sm_order": null,
        "sm_ml": false,
        "sm_mr": false,
        "md_col": 3,
        "md_order": null,
        "md_ml": false,
        "md_mr": false,
        "lg_col": null,
        "lg_order": null,
        "lg_ml": false,
        "lg_mr": false,
        "xl_col": null,
        "xl_order": null,
        "xl_ml": false,
        "xl_mr": false
    }
},
{
    "model": "bootstrap4_grid.bootstrap4gridcolumn",
    "pk": 104,
    "fields": {
        "column_type": "col",
        "column_size": 12,
        "column_alignment": "",
        "tag_type": "div",
        "attributes": {},
        "xs_col": null,
        "xs_order": null,
        "xs_ml": false,
        "xs_mr": false,
        "sm_col": 6,
        "sm_order": null,
        "sm_ml": false,
        "sm_mr": false,
        "md_col": 3,
        "md_order": null,
        "md_ml": false,
        "md_mr": false,
        "lg_col": null,
        "lg_order": null,
        "lg_ml": false,
        "lg_mr": false,
        "xl_col": null,
        "xl_order": null,
        "xl_ml": false,
        "xl_mr": false
    }
},
{
    "model": "bootstrap4_grid.bootstrap4gridcolumn",
    "pk": 106,
    "fields": {
        "column_type": "col",
        "column_size": 12,
        "column_alignment": "",
        "tag_type": "div",
        "attributes": {},
        "xs_col": null,
        "xs_order": null,
        "xs_ml": false,
        "xs_mr": false,
        "sm_col": 6,
        "sm_order": null,
        "sm_ml": false,
        "sm_mr": false,
        "md_col": 3,
        "md_order": null,
        "md_ml": false,
        "md_mr": false,
        "lg_col": null,
        "lg_order": null,
        "lg_ml": false,
        "lg_mr": false,
        "xl_col": null,
        "xl_order": null,
        "xl_ml": false,
        "xl_mr": false
    }
},
{
    "model": "bootstrap4_grid.bootstrap4gridcolumn",
    "pk": 108,
    "fields": {
        "column_type": "col",
        "column_size": 12,
        "column_alignment": "",
        "tag_type": "div",
        "attributes": {},
        "xs_col": null,
        "xs_order": null,
        "xs_ml": false,
        "xs_mr": false,
        "sm_col": 6,
        "sm_order": null,
        "sm_ml": false,
        "sm_mr": false,
        "md_col": 3,
        "md_order": null,
        "md_ml": false,
        "md_mr": false,
        "lg_col": null,
        "lg_order": null,
        "lg_ml": false,
        "lg_mr": false,
        "xl_col": null,
        "xl_order": null,
        "xl_ml": false,
        "xl_mr": false
    }
},
{
    "model": "bootstrap4_grid.bootstrap4gridcolumn",
    "pk": 110,
    "fields": {
        "column_type": "col",
        "column_size": 12,
        "column_alignment": "",
        "tag_type": "div",
        "attributes": {},
        "xs_col": null,
        "xs_order": null,
        "xs_ml": false,
        "xs_mr": false,
        "sm_col": 6,
        "sm_order": null,
        "sm_ml": false,
        "sm_mr": false,
        "md_col": 3,
        "md_order": null,
        "md_ml": false,
        "md_mr": false,
        "lg_col": null,
        "lg_order": null,
        "lg_ml": false,
        "lg_mr": false,
        "xl_col": null,
        "xl_order": null,
        "xl_ml": false,
        "xl_mr": false
    }
},
{
    "model": "bootstrap4_grid.bootstrap4gridcolumn",
    "pk": 117,
    "fields": {
        "column_type": "col",
        "column_size": 12,
        "column_alignment": "",
        "tag_type": "div",
        "attributes": {},
        "xs_col": null,
        "xs_order": null,
        "xs_ml": false,
        "xs_mr": false,
        "sm_col": null,
        "sm_order": null,
        "sm_ml": false,
        "sm_mr": false,
        "md_col": 6,
        "md_order": null,
        "md_ml": false,
        "md_mr": false,
        "lg_col": null,
        "lg_order": null,
        "lg_ml": false,
        "lg_mr": false,
        "xl_col": null,
        "xl_order": null,
        "xl_ml": false,
        "xl_mr": false
    }
},
{
    "model": "bootstrap4_grid.bootstrap4gridcolumn",
    "pk": 123,
    "fields": {
        "column_type": "col",
        "column_size": 12,
        "column_alignment": "",
        "tag_type": "div",
        "attributes": {},
        "xs_col": null,
        "xs_order": null,
        "xs_ml": false,
        "xs_mr": false,
        "sm_col": null,
        "sm_order": null,
        "sm_ml": false,
        "sm_mr": false,
        "md_col": 6,
        "md_order": null,
        "md_ml": false,
        "md_mr": false,
        "lg_col": null,
        "lg_order": null,
        "lg_ml": false,
        "lg_mr": false,
        "xl_col": null,
        "xl_order": null,
        "xl_ml": false,
        "xl_mr": false
    }
},
{
    "model": "bootstrap4_grid.bootstrap4gridcolumn",
    "pk": 130,
    "fields": {
        "column_type": "col",
        "column_size": 12,
        "column_alignment": "",
        "tag_type": "div",
        "attributes": {},
        "xs_col": null,
        "xs_order": null,
        "xs_ml": false,
        "xs_mr": false,
        "sm_col": null,
        "sm_order": null,
        "sm_ml": false,
        "sm_mr": false,
        "md_col": null,
        "md_order": null,
        "md_ml": false,
        "md_mr": false,
        "lg_col": 4,
        "lg_order": null,
        "lg_ml": false,
        "lg_mr": false,
        "xl_col": null,
        "xl_order": null,
        "xl_ml": false,
        "xl_mr": false
    }
},
{
    "model": "bootstrap4_grid.bootstrap4gridcolumn",
    "pk": 136,
    "fields": {
        "column_type": "col",
        "column_size": 12,
        "column_alignment": "",
        "tag_type": "div",
        "attributes": {},
        "xs_col": null,
        "xs_order": null,
        "xs_ml": false,
        "xs_mr": false,
        "sm_col": null,
        "sm_order": null,
        "sm_ml": false,
        "sm_mr": false,
        "md_col": null,
        "md_order": null,
        "md_ml": false,
        "md_mr": false,
        "lg_col": 4,
        "lg_order": null,
        "lg_ml": false,
        "lg_mr": false,
        "xl_col": null,
        "xl_order": null,
        "xl_ml": false,
        "xl_mr": false
    }
},
{
    "model": "bootstrap4_grid.bootstrap4gridcolumn",
    "pk": 142,
    "fields": {
        "column_type": "col",
        "column_size": 12,
        "column_alignment": "",
        "tag_type": "div",
        "attributes": {},
        "xs_col": null,
        "xs_order": null,
        "xs_ml": false,
        "xs_mr": false,
        "sm_col": null,
        "sm_order": null,
        "sm_ml": false,
        "sm_mr": false,
        "md_col": null,
        "md_order": null,
        "md_ml": false,
        "md_mr": false,
        "lg_col": 4,
        "lg_order": null,
        "lg_ml": false,
        "lg_mr": false,
        "xl_col": null,
        "xl_order": null,
        "xl_ml": false,
        "xl_mr": false
    }
},
{
    "model": "bootstrap4_jumbotron.bootstrap4jumbotron",
    "pk": 1,
    "fields": {
        "fluid": false,
        "tag_type": "div",
        "attributes": {}
    }
},
{
    "model": "bootstrap4_jumbotron.bootstrap4jumbotron",
    "pk": 114,
    "fields": {
        "fluid": false,
        "tag_type": "div",
        "attributes": {}
    }
},
{
    "model": "bootstrap4_picture.bootstrap4picture",
    "pk": 95,
    "fields": {
        "template": "default",
        "picture": 1,
        "external_picture": "",
        "width": null,
        "height": null,
        "alignment": "",
        "caption_text": "",
        "attributes": {},
        "link_url": "",
        "link_page": null,
        "link_target": "",
        "link_attributes": {},
        "use_automatic_scaling": true,
        "use_no_cropping": false,
        "use_crop": false,
        "use_upscale": false,
        "thumbnail_options": null,
        "picture_fluid": true,
        "picture_rounded": false,
        "picture_thumbnail": false
    }
},
{
    "model": "bootstrap4_picture.bootstrap4picture",
    "pk": 96,
    "fields": {
        "template": "default",
        "picture": 2,
        "external_picture": "",
        "width": null,
        "height": null,
        "alignment": "",
        "caption_text": "",
        "attributes": {},
        "link_url": "",
        "link_page": null,
        "link_target": "",
        "link_attributes": {},
        "use_automatic_scaling": true,
        "use_no_cropping": false,
        "use_crop": false,
        "use_upscale": false,
        "thumbnail_options": null,
        "picture_fluid": true,
        "picture_rounded": false,
        "picture_thumbnail": false
    }
},
{
    "model": "bootstrap4_picture.bootstrap4picture",
    "pk": 97,
    "fields": {
        "template": "default",
        "picture": 3,
        "external_picture": "",
        "width": null,
        "height": null,
        "alignment": "",
        "caption_text": "",
        "attributes": {},
        "link_url": "",
        "link_page": null,
        "link_target": "",
        "link_attributes": {},
        "use_automatic_scaling": true,
        "use_no_cropping": false,
        "use_crop": false,
        "use_upscale": false,
        "thumbnail_options": null,
        "picture_fluid": true,
        "picture_rounded": false,
        "picture_thumbnail": false
    }
},
{
    "model": "bootstrap4_picture.bootstrap4picture",
    "pk": 98,
    "fields": {
        "template": "default",
        "picture": 4,
        "external_picture": "",
        "width": null,
        "height": null,
        "alignment": "",
        "caption_text": "",
        "attributes": {},
        "link_url": "",
        "link_page": null,
        "link_target": "",
        "link_attributes": {},
        "use_automatic_scaling": true,
        "use_no_cropping": false,
        "use_crop": false,
        "use_upscale": false,
        "thumbnail_options": null,
        "picture_fluid": true,
        "picture_rounded": false,
        "picture_thumbnail": false
    }
},
{
    "model": "bootstrap4_picture.bootstrap4picture",
    "pk": 105,
    "fields": {
        "template": "default",
        "picture": 1,
        "external_picture": "",
        "width": null,
        "height": null,
        "alignment": "",
        "caption_text": "",
        "attributes": {},
        "link_url": "",
        "link_page": null,
        "link_target": "",
        "link_attributes": {},
        "use_automatic_scaling": true,
        "use_no_cropping": false,
        "use_crop": false,
        "use_upscale": false,
        "thumbnail_options": null,
        "picture_fluid": true,
        "picture_rounded": false,
        "picture_thumbnail": false
    }
},
{
    "model": "bootstrap4_picture.bootstrap4picture",
    "pk": 107,
    "fields": {
        "template": "default",
        "picture": 2,
        "external_picture": "",
        "width": null,
        "height": null,
        "alignment": "",
        "caption_text": "",
        "attributes": {},
        "link_url": "",
        "link_page": null,
        "link_target": "",
        "link_attributes": {},
        "use_automatic_scaling": true,
        "use_no_cropping": false,
        "use_crop": false,
        "use_upscale": false,
        "thumbnail_options": null,
        "picture_fluid": true,
        "picture_rounded": false,
        "picture_thumbnail": false
    }
},
{
    "model": "bootstrap4_picture.bootstrap4picture",
    "pk": 109,
    "fields": {
        "template": "default",
        "picture": 3,
        "external_picture": "",
        "width": null,
        "height": null,
        "alignment": "",
        "caption_text": "",
        "attributes": {},
        "link_url": "",
        "link_page": null,
        "link_target": "",
        "link_attributes": {},
        "use_automatic_scaling": true,
        "use_no_cropping": false,
        "use_crop": false,
        "use_upscale": false,
        "thumbnail_options": null,
        "picture_fluid": true,
        "picture_rounded": false,
        "picture_thumbnail": false
    }
},
{
    "model": "bootstrap4_picture.bootstrap4picture",
    "pk": 111,
    "fields": {
        "template": "default",
        "picture": 4,
        "external_picture": "",
        "width": null,
        "height": null,
        "alignment": "",
        "caption_text": "",
        "attributes": {},
        "link_url": "",
        "link_page": null,
        "link_target": "",
        "link_attributes": {},
        "use_automatic_scaling": true,
        "use_no_cropping": false,
        "use_crop": false,
        "use_upscale": false,
        "thumbnail_options": null,
        "picture_fluid": true,
        "picture_rounded": false,
        "picture_thumbnail": false
    }
},
{
    "model": "polls_cms_integration.pollpluginmodel",
    "pk": 86,
    "fields": {
        "poll": 3
    }
},
{
    "model": "polls_cms_integration.pollpluginmodel",
    "pk": 87,
    "fields": {
        "poll": 1
    }
},
{
    "model": "polls_cms_integration.pollpluginmodel",
    "pk": 88,
    "fields": {
        "poll": 6
    }
},
{
    "model": "polls_cms_integration.pollpluginmodel",
    "pk": 135,
    "fields": {
        "poll": 3
    }
},
{
    "model": "polls_cms_integration.pollpluginmodel",
    "pk": 141,
    "fields": {
        "poll": 1
    }
},
{
    "model": "polls_cms_integration.pollpluginmodel",
    "pk": 147,
    "fields": {
        "poll": 6
    }
},
{
    "model": "polls.poll",
    "pk": 1,
    "fields": {
        "question": "Your favourite browser"
    }
},
{
    "model": "polls.poll",
    "pk": 2,
    "fields": {
        "question": "Your place or mine?"
    }
},
{
    "model": "polls.poll",
    "pk": 3,
    "fields": {
        "question": "Country or western"
    }
},
{
    "model": "polls.poll",
    "pk": 4,
    "fields": {
        "question": "Your teen heartthrob"
    }
},
{
    "model": "polls.poll",
    "pk": 5,
    "fields": {
        "question": "We need more..."
    }
},
{
    "model": "polls.poll",
    "pk": 6,
    "fields": {
        "question": "Choose a topic"
    }
},
{
    "model": "polls.choice",
    "pk": 1,
    "fields": {
        "poll": 1,
        "choice_text": "Mosaic",
        "votes": 12543
    }
},
{
    "model": "polls.choice",
    "pk": 2,
    "fields": {
        "poll": 1,
        "choice_text": "Netscape Navigator",
        "votes": 10637
    }
},
{
    "model": "polls.choice",
    "pk": 3,
    "fields": {
        "poll": 1,
        "choice_text": "Lynx",
        "votes": 256266
    }
},
{
    "model": "polls.choice",
    "pk": 4,
    "fields": {
        "poll": 2,
        "choice_text": "Yours",
        "votes": 2454
    }
},
{
    "model": "polls.choice",
    "pk": 5,
    "fields": {
        "poll": 2,
        "choice_text": "Mine",
        "votes": 2101
    }
},
{
    "model": "polls.choice",
    "pk": 6,
    "fields": {
        "poll": 3,
        "choice_text": "Country",
        "votes": 24241
    }
},
{
    "model": "polls.choice",
    "pk": 7,
    "fields": {
        "poll": 3,
        "choice_text": "Western",
        "votes": 26256
    }
},
{
    "model": "polls.choice",
    "pk": 8,
    "fields": {
        "poll": 3,
        "choice_text": "Both",
        "votes": 87788
    }
},
{
    "model": "polls.choice",
    "pk": 9,
    "fields": {
        "poll": 4,
        "choice_text": "Ralf",
        "votes": 16716
    }
},
{
    "model": "polls.choice",
    "pk": 10,
    "fields": {
        "poll": 4,
        "choice_text": "Florian",
        "votes": 20057
    }
},
{
    "model": "polls.choice",
    "pk": 11,
    "fields": {
        "poll": 4,
        "choice_text": "Wolfgang",
        "votes": 25611
    }
},
{
    "model": "polls.choice",
    "pk": 12,
    "fields": {
        "poll": 4,
        "choice_text": "Karl",
        "votes": 19933
    }
},
{
    "model": "polls.choice",
    "pk": 14,
    "fields": {
        "poll": 5,
        "choice_text": "Music",
        "votes": 0
    }
},
{
    "model": "polls.choice",
    "pk": 15,
    "fields": {
        "poll": 5,
        "choice_text": "Dance",
        "votes": 0
    }
},
{
    "model": "polls.choice",
    "pk": 16,
    "fields": {
        "poll": 5,
        "choice_text": "Theatre",
        "votes": 0
    }
},
{
    "model": "polls.choice",
    "pk": 17,
    "fields": {
        "poll": 5,
        "choice_text": "Visual art",
        "votes": 0
    }
},
{
    "model": "polls.choice",
    "pk": 18,
    "fields": {
        "poll": 6,
        "choice_text": "Politics",
        "votes": 0
    }
},
{
    "model": "polls.choice",
    "pk": 19,
    "fields": {
        "poll": 6,
        "choice_text": "Technology",
        "votes": 0
    }
},
{
    "model": "polls.choice",
    "pk": 20,
    "fields": {
        "poll": 6,
        "choice_text": "Culture",
        "votes": 0
    }
},
{
    "model": "polls.choice",
    "pk": 21,
    "fields": {
        "poll": 6,
        "choice_text": "Science",
        "votes": 0
    }
},
{
    "model": "auth.permission",
    "pk": 1,
    "fields": {
        "name": "Can use Structure mode",
        "content_type": 1,
        "codename": "use_structure"
    }
},
{
    "model": "auth.permission",
    "pk": 2,
    "fields": {
        "name": "Can change page",
        "content_type": 2,
        "codename": "change_page"
    }
},
{
    "model": "auth.permission",
    "pk": 3,
    "fields": {
        "name": "Can add permission",
        "content_type": 3,
        "codename": "add_permission"
    }
},
{
    "model": "auth.permission",
    "pk": 4,
    "fields": {
        "name": "Can change permission",
        "content_type": 3,
        "codename": "change_permission"
    }
},
{
    "model": "auth.permission",
    "pk": 5,
    "fields": {
        "name": "Can delete permission",
        "content_type": 3,
        "codename": "delete_permission"
    }
},
{
    "model": "auth.permission",
    "pk": 6,
    "fields": {
        "name": "Can add group",
        "content_type": 4,
        "codename": "add_group"
    }
},
{
    "model": "auth.permission",
    "pk": 7,
    "fields": {
        "name": "Can change group",
        "content_type": 4,
        "codename": "change_group"
    }
},
{
    "model": "auth.permission",
    "pk": 8,
    "fields": {
        "name": "Can delete group",
        "content_type": 4,
        "codename": "delete_group"
    }
},
{
    "model": "auth.permission",
    "pk": 9,
    "fields": {
        "name": "Can add user",
        "content_type": 5,
        "codename": "add_user"
    }
},
{
    "model": "auth.permission",
    "pk": 10,
    "fields": {
        "name": "Can change user",
        "content_type": 5,
        "codename": "change_user"
    }
},
{
    "model": "auth.permission",
    "pk": 11,
    "fields": {
        "name": "Can delete user",
        "content_type": 5,
        "codename": "delete_user"
    }
},
{
    "model": "auth.permission",
    "pk": 12,
    "fields": {
        "name": "Can add content type",
        "content_type": 6,
        "codename": "add_contenttype"
    }
},
{
    "model": "auth.permission",
    "pk": 13,
    "fields": {
        "name": "Can change content type",
        "content_type": 6,
        "codename": "change_contenttype"
    }
},
{
    "model": "auth.permission",
    "pk": 14,
    "fields": {
        "name": "Can delete content type",
        "content_type": 6,
        "codename": "delete_contenttype"
    }
},
{
    "model": "auth.permission",
    "pk": 15,
    "fields": {
        "name": "Can add session",
        "content_type": 7,
        "codename": "add_session"
    }
},
{
    "model": "auth.permission",
    "pk": 16,
    "fields": {
        "name": "Can change session",
        "content_type": 7,
        "codename": "change_session"
    }
},
{
    "model": "auth.permission",
    "pk": 17,
    "fields": {
        "name": "Can delete session",
        "content_type": 7,
        "codename": "delete_session"
    }
},
{
    "model": "auth.permission",
    "pk": 18,
    "fields": {
        "name": "Can add log entry",
        "content_type": 8,
        "codename": "add_logentry"
    }
},
{
    "model": "auth.permission",
    "pk": 19,
    "fields": {
        "name": "Can change log entry",
        "content_type": 8,
        "codename": "change_logentry"
    }
},
{
    "model": "auth.permission",
    "pk": 20,
    "fields": {
        "name": "Can delete log entry",
        "content_type": 8,
        "codename": "delete_logentry"
    }
},
{
    "model": "auth.permission",
    "pk": 21,
    "fields": {
        "name": "Can add site",
        "content_type": 9,
        "codename": "add_site"
    }
},
{
    "model": "auth.permission",
    "pk": 22,
    "fields": {
        "name": "Can change site",
        "content_type": 9,
        "codename": "change_site"
    }
},
{
    "model": "auth.permission",
    "pk": 23,
    "fields": {
        "name": "Can delete site",
        "content_type": 9,
        "codename": "delete_site"
    }
},
{
    "model": "auth.permission",
    "pk": 24,
    "fields": {
        "name": "Can add cms plugin",
        "content_type": 10,
        "codename": "add_cmsplugin"
    }
},
{
    "model": "auth.permission",
    "pk": 25,
    "fields": {
        "name": "Can change cms plugin",
        "content_type": 10,
        "codename": "change_cmsplugin"
    }
},
{
    "model": "auth.permission",
    "pk": 26,
    "fields": {
        "name": "Can delete cms plugin",
        "content_type": 10,
        "codename": "delete_cmsplugin"
    }
},
{
    "model": "auth.permission",
    "pk": 27,
    "fields": {
        "name": "Can add alias plugin model",
        "content_type": 11,
        "codename": "add_aliaspluginmodel"
    }
},
{
    "model": "auth.permission",
    "pk": 28,
    "fields": {
        "name": "Can change alias plugin model",
        "content_type": 11,
        "codename": "change_aliaspluginmodel"
    }
},
{
    "model": "auth.permission",
    "pk": 29,
    "fields": {
        "name": "Can delete alias plugin model",
        "content_type": 11,
        "codename": "delete_aliaspluginmodel"
    }
},
{
    "model": "auth.permission",
    "pk": 30,
    "fields": {
        "name": "Can add Page global permission",
        "content_type": 12,
        "codename": "add_globalpagepermission"
    }
},
{
    "model": "auth.permission",
    "pk": 31,
    "fields": {
        "name": "Can change Page global permission",
        "content_type": 12,
        "codename": "change_globalpagepermission"
    }
},
{
    "model": "auth.permission",
    "pk": 32,
    "fields": {
        "name": "Can delete Page global permission",
        "content_type": 12,
        "codename": "delete_globalpagepermission"
    }
},
{
    "model": "auth.permission",
    "pk": 33,
    "fields": {
        "name": "Can add page",
        "content_type": 2,
        "codename": "add_page"
    }
},
{
    "model": "auth.permission",
    "pk": 34,
    "fields": {
        "name": "Can delete page",
        "content_type": 2,
        "codename": "delete_page"
    }
},
{
    "model": "auth.permission",
    "pk": 35,
    "fields": {
        "name": "Can view page",
        "content_type": 2,
        "codename": "view_page"
    }
},
{
    "model": "auth.permission",
    "pk": 36,
    "fields": {
        "name": "Can publish page",
        "content_type": 2,
        "codename": "publish_page"
    }
},
{
    "model": "auth.permission",
    "pk": 37,
    "fields": {
        "name": "Can edit static placeholders",
        "content_type": 2,
        "codename": "edit_static_placeholder"
    }
},
{
    "model": "auth.permission",
    "pk": 38,
    "fields": {
        "name": "Can add Page permission",
        "content_type": 13,
        "codename": "add_pagepermission"
    }
},
{
    "model": "auth.permission",
    "pk": 39,
    "fields": {
        "name": "Can change Page permission",
        "content_type": 13,
        "codename": "change_pagepermission"
    }
},
{
    "model": "auth.permission",
    "pk": 40,
    "fields": {
        "name": "Can delete Page permission",
        "content_type": 13,
        "codename": "delete_pagepermission"
    }
},
{
    "model": "auth.permission",
    "pk": 41,
    "fields": {
        "name": "Can add User (page)",
        "content_type": 14,
        "codename": "add_pageuser"
    }
},
{
    "model": "auth.permission",
    "pk": 42,
    "fields": {
        "name": "Can change User (page)",
        "content_type": 14,
        "codename": "change_pageuser"
    }
},
{
    "model": "auth.permission",
    "pk": 43,
    "fields": {
        "name": "Can delete User (page)",
        "content_type": 14,
        "codename": "delete_pageuser"
    }
},
{
    "model": "auth.permission",
    "pk": 44,
    "fields": {
        "name": "Can add User group (page)",
        "content_type": 15,
        "codename": "add_pageusergroup"
    }
},
{
    "model": "auth.permission",
    "pk": 45,
    "fields": {
        "name": "Can change User group (page)",
        "content_type": 15,
        "codename": "change_pageusergroup"
    }
},
{
    "model": "auth.permission",
    "pk": 46,
    "fields": {
        "name": "Can delete User group (page)",
        "content_type": 15,
        "codename": "delete_pageusergroup"
    }
},
{
    "model": "auth.permission",
    "pk": 47,
    "fields": {
        "name": "Can add placeholder",
        "content_type": 1,
        "codename": "add_placeholder"
    }
},
{
    "model": "auth.permission",
    "pk": 48,
    "fields": {
        "name": "Can change placeholder",
        "content_type": 1,
        "codename": "change_placeholder"
    }
},
{
    "model": "auth.permission",
    "pk": 49,
    "fields": {
        "name": "Can delete placeholder",
        "content_type": 1,
        "codename": "delete_placeholder"
    }
},
{
    "model": "auth.permission",
    "pk": 50,
    "fields": {
        "name": "Can add placeholder reference",
        "content_type": 16,
        "codename": "add_placeholderreference"
    }
},
{
    "model": "auth.permission",
    "pk": 51,
    "fields": {
        "name": "Can change placeholder reference",
        "content_type": 16,
        "codename": "change_placeholderreference"
    }
},
{
    "model": "auth.permission",
    "pk": 52,
    "fields": {
        "name": "Can delete placeholder reference",
        "content_type": 16,
        "codename": "delete_placeholderreference"
    }
},
{
    "model": "auth.permission",
    "pk": 53,
    "fields": {
        "name": "Can add static placeholder",
        "content_type": 17,
        "codename": "add_staticplaceholder"
    }
},
{
    "model": "auth.permission",
    "pk": 54,
    "fields": {
        "name": "Can change static placeholder",
        "content_type": 17,
        "codename": "change_staticplaceholder"
    }
},
{
    "model": "auth.permission",
    "pk": 55,
    "fields": {
        "name": "Can delete static placeholder",
        "content_type": 17,
        "codename": "delete_staticplaceholder"
    }
},
{
    "model": "auth.permission",
    "pk": 56,
    "fields": {
        "name": "Can add title",
        "content_type": 18,
        "codename": "add_title"
    }
},
{
    "model": "auth.permission",
    "pk": 57,
    "fields": {
        "name": "Can change title",
        "content_type": 18,
        "codename": "change_title"
    }
},
{
    "model": "auth.permission",
    "pk": 58,
    "fields": {
        "name": "Can delete title",
        "content_type": 18,
        "codename": "delete_title"
    }
},
{
    "model": "auth.permission",
    "pk": 59,
    "fields": {
        "name": "Can add user setting",
        "content_type": 19,
        "codename": "add_usersettings"
    }
},
{
    "model": "auth.permission",
    "pk": 60,
    "fields": {
        "name": "Can change user setting",
        "content_type": 19,
        "codename": "change_usersettings"
    }
},
{
    "model": "auth.permission",
    "pk": 61,
    "fields": {
        "name": "Can delete user setting",
        "content_type": 19,
        "codename": "delete_usersettings"
    }
},
{
    "model": "auth.permission",
    "pk": 62,
    "fields": {
        "name": "Can add urlconf revision",
        "content_type": 20,
        "codename": "add_urlconfrevision"
    }
},
{
    "model": "auth.permission",
    "pk": 63,
    "fields": {
        "name": "Can change urlconf revision",
        "content_type": 20,
        "codename": "change_urlconfrevision"
    }
},
{
    "model": "auth.permission",
    "pk": 64,
    "fields": {
        "name": "Can delete urlconf revision",
        "content_type": 20,
        "codename": "delete_urlconfrevision"
    }
},
{
    "model": "auth.permission",
    "pk": 65,
    "fields": {
        "name": "Can add cache key",
        "content_type": 23,
        "codename": "add_cachekey"
    }
},
{
    "model": "auth.permission",
    "pk": 66,
    "fields": {
        "name": "Can change cache key",
        "content_type": 23,
        "codename": "change_cachekey"
    }
},
{
    "model": "auth.permission",
    "pk": 67,
    "fields": {
        "name": "Can delete cache key",
        "content_type": 23,
        "codename": "delete_cachekey"
    }
},
{
    "model": "auth.permission",
    "pk": 68,
    "fields": {
        "name": "Can add text",
        "content_type": 24,
        "codename": "add_text"
    }
},
{
    "model": "auth.permission",
    "pk": 69,
    "fields": {
        "name": "Can change text",
        "content_type": 24,
        "codename": "change_text"
    }
},
{
    "model": "auth.permission",
    "pk": 70,
    "fields": {
        "name": "Can delete text",
        "content_type": 24,
        "codename": "delete_text"
    }
},
{
    "model": "auth.permission",
    "pk": 71,
    "fields": {
        "name": "Can add clipboard",
        "content_type": 25,
        "codename": "add_clipboard"
    }
},
{
    "model": "auth.permission",
    "pk": 72,
    "fields": {
        "name": "Can change clipboard",
        "content_type": 25,
        "codename": "change_clipboard"
    }
},
{
    "model": "auth.permission",
    "pk": 73,
    "fields": {
        "name": "Can delete clipboard",
        "content_type": 25,
        "codename": "delete_clipboard"
    }
},
{
    "model": "auth.permission",
    "pk": 74,
    "fields": {
        "name": "Can add clipboard item",
        "content_type": 26,
        "codename": "add_clipboarditem"
    }
},
{
    "model": "auth.permission",
    "pk": 75,
    "fields": {
        "name": "Can change clipboard item",
        "content_type": 26,
        "codename": "change_clipboarditem"
    }
},
{
    "model": "auth.permission",
    "pk": 76,
    "fields": {
        "name": "Can delete clipboard item",
        "content_type": 26,
        "codename": "delete_clipboarditem"
    }
},
{
    "model": "auth.permission",
    "pk": 77,
    "fields": {
        "name": "Can add file",
        "content_type": 27,
        "codename": "add_file"
    }
},
{
    "model": "auth.permission",
    "pk": 78,
    "fields": {
        "name": "Can change file",
        "content_type": 27,
        "codename": "change_file"
    }
},
{
    "model": "auth.permission",
    "pk": 79,
    "fields": {
        "name": "Can delete file",
        "content_type": 27,
        "codename": "delete_file"
    }
},
{
    "model": "auth.permission",
    "pk": 80,
    "fields": {
        "name": "Can add Folder",
        "content_type": 28,
        "codename": "add_folder"
    }
},
{
    "model": "auth.permission",
    "pk": 81,
    "fields": {
        "name": "Can change Folder",
        "content_type": 28,
        "codename": "change_folder"
    }
},
{
    "model": "auth.permission",
    "pk": 82,
    "fields": {
        "name": "Can delete Folder",
        "content_type": 28,
        "codename": "delete_folder"
    }
},
{
    "model": "auth.permission",
    "pk": 83,
    "fields": {
        "name": "Can use directory listing",
        "content_type": 28,
        "codename": "can_use_directory_listing"
    }
},
{
    "model": "auth.permission",
    "pk": 84,
    "fields": {
        "name": "Can add folder permission",
        "content_type": 29,
        "codename": "add_folderpermission"
    }
},
{
    "model": "auth.permission",
    "pk": 85,
    "fields": {
        "name": "Can change folder permission",
        "content_type": 29,
        "codename": "change_folderpermission"
    }
},
{
    "model": "auth.permission",
    "pk": 86,
    "fields": {
        "name": "Can delete folder permission",
        "content_type": 29,
        "codename": "delete_folderpermission"
    }
},
{
    "model": "auth.permission",
    "pk": 87,
    "fields": {
        "name": "Can add image",
        "content_type": 30,
        "codename": "add_image"
    }
},
{
    "model": "auth.permission",
    "pk": 88,
    "fields": {
        "name": "Can change image",
        "content_type": 30,
        "codename": "change_image"
    }
},
{
    "model": "auth.permission",
    "pk": 89,
    "fields": {
        "name": "Can delete image",
        "content_type": 30,
        "codename": "delete_image"
    }
},
{
    "model": "auth.permission",
    "pk": 90,
    "fields": {
        "name": "Can add thumbnail option",
        "content_type": 31,
        "codename": "add_thumbnailoption"
    }
},
{
    "model": "auth.permission",
    "pk": 91,
    "fields": {
        "name": "Can change thumbnail option",
        "content_type": 31,
        "codename": "change_thumbnailoption"
    }
},
{
    "model": "auth.permission",
    "pk": 92,
    "fields": {
        "name": "Can delete thumbnail option",
        "content_type": 31,
        "codename": "delete_thumbnailoption"
    }
},
{
    "model": "auth.permission",
    "pk": 93,
    "fields": {
        "name": "Can add source",
        "content_type": 32,
        "codename": "add_source"
    }
},
{
    "model": "auth.permission",
    "pk": 94,
    "fields": {
        "name": "Can change source",
        "content_type": 32,
        "codename": "change_source"
    }
},
{
    "model": "auth.permission",
    "pk": 95,
    "fields": {
        "name": "Can delete source",
        "content_type": 32,
        "codename": "delete_source"
    }
},
{
    "model": "auth.permission",
    "pk": 96,
    "fields": {
        "name": "Can add thumbnail",
        "content_type": 33,
        "codename": "add_thumbnail"
    }
},
{
    "model": "auth.permission",
    "pk": 97,
    "fields": {
        "name": "Can change thumbnail",
        "content_type": 33,
        "codename": "change_thumbnail"
    }
},
{
    "model": "auth.permission",
    "pk": 98,
    "fields": {
        "name": "Can delete thumbnail",
        "content_type": 33,
        "codename": "delete_thumbnail"
    }
},
{
    "model": "auth.permission",
    "pk": 99,
    "fields": {
        "name": "Can add thumbnail dimensions",
        "content_type": 34,
        "codename": "add_thumbnaildimensions"
    }
},
{
    "model": "auth.permission",
    "pk": 100,
    "fields": {
        "name": "Can change thumbnail dimensions",
        "content_type": 34,
        "codename": "change_thumbnaildimensions"
    }
},
{
    "model": "auth.permission",
    "pk": 101,
    "fields": {
        "name": "Can delete thumbnail dimensions",
        "content_type": 34,
        "codename": "delete_thumbnaildimensions"
    }
},
{
    "model": "auth.permission",
    "pk": 102,
    "fields": {
        "name": "Can add file",
        "content_type": 35,
        "codename": "add_file"
    }
},
{
    "model": "auth.permission",
    "pk": 103,
    "fields": {
        "name": "Can change file",
        "content_type": 35,
        "codename": "change_file"
    }
},
{
    "model": "auth.permission",
    "pk": 104,
    "fields": {
        "name": "Can delete file",
        "content_type": 35,
        "codename": "delete_file"
    }
},
{
    "model": "auth.permission",
    "pk": 105,
    "fields": {
        "name": "Can add folder",
        "content_type": 36,
        "codename": "add_folder"
    }
},
{
    "model": "auth.permission",
    "pk": 106,
    "fields": {
        "name": "Can change folder",
        "content_type": 36,
        "codename": "change_folder"
    }
},
{
    "model": "auth.permission",
    "pk": 107,
    "fields": {
        "name": "Can delete folder",
        "content_type": 36,
        "codename": "delete_folder"
    }
},
{
    "model": "auth.permission",
    "pk": 108,
    "fields": {
        "name": "Can add link",
        "content_type": 37,
        "codename": "add_link"
    }
},
{
    "model": "auth.permission",
    "pk": 109,
    "fields": {
        "name": "Can change link",
        "content_type": 37,
        "codename": "change_link"
    }
},
{
    "model": "auth.permission",
    "pk": 110,
    "fields": {
        "name": "Can delete link",
        "content_type": 37,
        "codename": "delete_link"
    }
},
{
    "model": "auth.permission",
    "pk": 111,
    "fields": {
        "name": "Can add picture",
        "content_type": 38,
        "codename": "add_picture"
    }
},
{
    "model": "auth.permission",
    "pk": 112,
    "fields": {
        "name": "Can change picture",
        "content_type": 38,
        "codename": "change_picture"
    }
},
{
    "model": "auth.permission",
    "pk": 113,
    "fields": {
        "name": "Can delete picture",
        "content_type": 38,
        "codename": "delete_picture"
    }
},
{
    "model": "auth.permission",
    "pk": 114,
    "fields": {
        "name": "Can add style",
        "content_type": 39,
        "codename": "add_style"
    }
},
{
    "model": "auth.permission",
    "pk": 115,
    "fields": {
        "name": "Can change style",
        "content_type": 39,
        "codename": "change_style"
    }
},
{
    "model": "auth.permission",
    "pk": 116,
    "fields": {
        "name": "Can delete style",
        "content_type": 39,
        "codename": "delete_style"
    }
},
{
    "model": "auth.permission",
    "pk": 117,
    "fields": {
        "name": "Can add Snippet",
        "content_type": 40,
        "codename": "add_snippet"
    }
},
{
    "model": "auth.permission",
    "pk": 118,
    "fields": {
        "name": "Can change Snippet",
        "content_type": 40,
        "codename": "change_snippet"
    }
},
{
    "model": "auth.permission",
    "pk": 119,
    "fields": {
        "name": "Can delete Snippet",
        "content_type": 40,
        "codename": "delete_snippet"
    }
},
{
    "model": "auth.permission",
    "pk": 120,
    "fields": {
        "name": "Can add Snippet",
        "content_type": 41,
        "codename": "add_snippetptr"
    }
},
{
    "model": "auth.permission",
    "pk": 121,
    "fields": {
        "name": "Can change Snippet",
        "content_type": 41,
        "codename": "change_snippetptr"
    }
},
{
    "model": "auth.permission",
    "pk": 122,
    "fields": {
        "name": "Can delete Snippet",
        "content_type": 41,
        "codename": "delete_snippetptr"
    }
},
{
    "model": "auth.permission",
    "pk": 123,
    "fields": {
        "name": "Can add google map",
        "content_type": 42,
        "codename": "add_googlemap"
    }
},
{
    "model": "auth.permission",
    "pk": 124,
    "fields": {
        "name": "Can change google map",
        "content_type": 42,
        "codename": "change_googlemap"
    }
},
{
    "model": "auth.permission",
    "pk": 125,
    "fields": {
        "name": "Can delete google map",
        "content_type": 42,
        "codename": "delete_googlemap"
    }
},
{
    "model": "auth.permission",
    "pk": 126,
    "fields": {
        "name": "Can add google map marker",
        "content_type": 43,
        "codename": "add_googlemapmarker"
    }
},
{
    "model": "auth.permission",
    "pk": 127,
    "fields": {
        "name": "Can change google map marker",
        "content_type": 43,
        "codename": "change_googlemapmarker"
    }
},
{
    "model": "auth.permission",
    "pk": 128,
    "fields": {
        "name": "Can delete google map marker",
        "content_type": 43,
        "codename": "delete_googlemapmarker"
    }
},
{
    "model": "auth.permission",
    "pk": 129,
    "fields": {
        "name": "Can add google map route",
        "content_type": 44,
        "codename": "add_googlemaproute"
    }
},
{
    "model": "auth.permission",
    "pk": 130,
    "fields": {
        "name": "Can change google map route",
        "content_type": 44,
        "codename": "change_googlemaproute"
    }
},
{
    "model": "auth.permission",
    "pk": 131,
    "fields": {
        "name": "Can delete google map route",
        "content_type": 44,
        "codename": "delete_googlemaproute"
    }
},
{
    "model": "auth.permission",
    "pk": 132,
    "fields": {
        "name": "Can add video player",
        "content_type": 45,
        "codename": "add_videoplayer"
    }
},
{
    "model": "auth.permission",
    "pk": 133,
    "fields": {
        "name": "Can change video player",
        "content_type": 45,
        "codename": "change_videoplayer"
    }
},
{
    "model": "auth.permission",
    "pk": 134,
    "fields": {
        "name": "Can delete video player",
        "content_type": 45,
        "codename": "delete_videoplayer"
    }
},
{
    "model": "auth.permission",
    "pk": 135,
    "fields": {
        "name": "Can add video source",
        "content_type": 46,
        "codename": "add_videosource"
    }
},
{
    "model": "auth.permission",
    "pk": 136,
    "fields": {
        "name": "Can change video source",
        "content_type": 46,
        "codename": "change_videosource"
    }
},
{
    "model": "auth.permission",
    "pk": 137,
    "fields": {
        "name": "Can delete video source",
        "content_type": 46,
        "codename": "delete_videosource"
    }
},
{
    "model": "auth.permission",
    "pk": 138,
    "fields": {
        "name": "Can add video track",
        "content_type": 47,
        "codename": "add_videotrack"
    }
},
{
    "model": "auth.permission",
    "pk": 139,
    "fields": {
        "name": "Can change video track",
        "content_type": 47,
        "codename": "change_videotrack"
    }
},
{
    "model": "auth.permission",
    "pk": 140,
    "fields": {
        "name": "Can delete video track",
        "content_type": 47,
        "codename": "delete_videotrack"
    }
},
{
    "model": "auth.permission",
    "pk": 141,
    "fields": {
        "name": "Can add icon",
        "content_type": 48,
        "codename": "add_icon"
    }
},
{
    "model": "auth.permission",
    "pk": 142,
    "fields": {
        "name": "Can change icon",
        "content_type": 48,
        "codename": "change_icon"
    }
},
{
    "model": "auth.permission",
    "pk": 143,
    "fields": {
        "name": "Can delete icon",
        "content_type": 48,
        "codename": "delete_icon"
    }
},
{
    "model": "auth.permission",
    "pk": 144,
    "fields": {
        "name": "Can add bootstrap4 alerts",
        "content_type": 49,
        "codename": "add_bootstrap4alerts"
    }
},
{
    "model": "auth.permission",
    "pk": 145,
    "fields": {
        "name": "Can change bootstrap4 alerts",
        "content_type": 49,
        "codename": "change_bootstrap4alerts"
    }
},
{
    "model": "auth.permission",
    "pk": 146,
    "fields": {
        "name": "Can delete bootstrap4 alerts",
        "content_type": 49,
        "codename": "delete_bootstrap4alerts"
    }
},
{
    "model": "auth.permission",
    "pk": 147,
    "fields": {
        "name": "Can add bootstrap4 badge",
        "content_type": 50,
        "codename": "add_bootstrap4badge"
    }
},
{
    "model": "auth.permission",
    "pk": 148,
    "fields": {
        "name": "Can change bootstrap4 badge",
        "content_type": 50,
        "codename": "change_bootstrap4badge"
    }
},
{
    "model": "auth.permission",
    "pk": 149,
    "fields": {
        "name": "Can delete bootstrap4 badge",
        "content_type": 50,
        "codename": "delete_bootstrap4badge"
    }
},
{
    "model": "auth.permission",
    "pk": 150,
    "fields": {
        "name": "Can add bootstrap4 card",
        "content_type": 51,
        "codename": "add_bootstrap4card"
    }
},
{
    "model": "auth.permission",
    "pk": 151,
    "fields": {
        "name": "Can change bootstrap4 card",
        "content_type": 51,
        "codename": "change_bootstrap4card"
    }
},
{
    "model": "auth.permission",
    "pk": 152,
    "fields": {
        "name": "Can delete bootstrap4 card",
        "content_type": 51,
        "codename": "delete_bootstrap4card"
    }
},
{
    "model": "auth.permission",
    "pk": 153,
    "fields": {
        "name": "Can add bootstrap4 card inner",
        "content_type": 52,
        "codename": "add_bootstrap4cardinner"
    }
},
{
    "model": "auth.permission",
    "pk": 154,
    "fields": {
        "name": "Can change bootstrap4 card inner",
        "content_type": 52,
        "codename": "change_bootstrap4cardinner"
    }
},
{
    "model": "auth.permission",
    "pk": 155,
    "fields": {
        "name": "Can delete bootstrap4 card inner",
        "content_type": 52,
        "codename": "delete_bootstrap4cardinner"
    }
},
{
    "model": "auth.permission",
    "pk": 156,
    "fields": {
        "name": "Can add bootstrap4 carousel",
        "content_type": 53,
        "codename": "add_bootstrap4carousel"
    }
},
{
    "model": "auth.permission",
    "pk": 157,
    "fields": {
        "name": "Can change bootstrap4 carousel",
        "content_type": 53,
        "codename": "change_bootstrap4carousel"
    }
},
{
    "model": "auth.permission",
    "pk": 158,
    "fields": {
        "name": "Can delete bootstrap4 carousel",
        "content_type": 53,
        "codename": "delete_bootstrap4carousel"
    }
},
{
    "model": "auth.permission",
    "pk": 159,
    "fields": {
        "name": "Can add bootstrap4 carousel slide",
        "content_type": 54,
        "codename": "add_bootstrap4carouselslide"
    }
},
{
    "model": "auth.permission",
    "pk": 160,
    "fields": {
        "name": "Can change bootstrap4 carousel slide",
        "content_type": 54,
        "codename": "change_bootstrap4carouselslide"
    }
},
{
    "model": "auth.permission",
    "pk": 161,
    "fields": {
        "name": "Can delete bootstrap4 carousel slide",
        "content_type": 54,
        "codename": "delete_bootstrap4carouselslide"
    }
},
{
    "model": "auth.permission",
    "pk": 162,
    "fields": {
        "name": "Can add bootstrap4 collapse",
        "content_type": 55,
        "codename": "add_bootstrap4collapse"
    }
},
{
    "model": "auth.permission",
    "pk": 163,
    "fields": {
        "name": "Can change bootstrap4 collapse",
        "content_type": 55,
        "codename": "change_bootstrap4collapse"
    }
},
{
    "model": "auth.permission",
    "pk": 164,
    "fields": {
        "name": "Can delete bootstrap4 collapse",
        "content_type": 55,
        "codename": "delete_bootstrap4collapse"
    }
},
{
    "model": "auth.permission",
    "pk": 165,
    "fields": {
        "name": "Can add bootstrap4 collapse container",
        "content_type": 56,
        "codename": "add_bootstrap4collapsecontainer"
    }
},
{
    "model": "auth.permission",
    "pk": 166,
    "fields": {
        "name": "Can change bootstrap4 collapse container",
        "content_type": 56,
        "codename": "change_bootstrap4collapsecontainer"
    }
},
{
    "model": "auth.permission",
    "pk": 167,
    "fields": {
        "name": "Can delete bootstrap4 collapse container",
        "content_type": 56,
        "codename": "delete_bootstrap4collapsecontainer"
    }
},
{
    "model": "auth.permission",
    "pk": 168,
    "fields": {
        "name": "Can add bootstrap4 collapse trigger",
        "content_type": 57,
        "codename": "add_bootstrap4collapsetrigger"
    }
},
{
    "model": "auth.permission",
    "pk": 169,
    "fields": {
        "name": "Can change bootstrap4 collapse trigger",
        "content_type": 57,
        "codename": "change_bootstrap4collapsetrigger"
    }
},
{
    "model": "auth.permission",
    "pk": 170,
    "fields": {
        "name": "Can delete bootstrap4 collapse trigger",
        "content_type": 57,
        "codename": "delete_bootstrap4collapsetrigger"
    }
},
{
    "model": "auth.permission",
    "pk": 171,
    "fields": {
        "name": "Can add bootstrap4 blockquote",
        "content_type": 58,
        "codename": "add_bootstrap4blockquote"
    }
},
{
    "model": "auth.permission",
    "pk": 172,
    "fields": {
        "name": "Can change bootstrap4 blockquote",
        "content_type": 58,
        "codename": "change_bootstrap4blockquote"
    }
},
{
    "model": "auth.permission",
    "pk": 173,
    "fields": {
        "name": "Can delete bootstrap4 blockquote",
        "content_type": 58,
        "codename": "delete_bootstrap4blockquote"
    }
},
{
    "model": "auth.permission",
    "pk": 174,
    "fields": {
        "name": "Can add bootstrap4 code",
        "content_type": 59,
        "codename": "add_bootstrap4code"
    }
},
{
    "model": "auth.permission",
    "pk": 175,
    "fields": {
        "name": "Can change bootstrap4 code",
        "content_type": 59,
        "codename": "change_bootstrap4code"
    }
},
{
    "model": "auth.permission",
    "pk": 176,
    "fields": {
        "name": "Can delete bootstrap4 code",
        "content_type": 59,
        "codename": "delete_bootstrap4code"
    }
},
{
    "model": "auth.permission",
    "pk": 177,
    "fields": {
        "name": "Can add bootstrap4 figure",
        "content_type": 60,
        "codename": "add_bootstrap4figure"
    }
},
{
    "model": "auth.permission",
    "pk": 178,
    "fields": {
        "name": "Can change bootstrap4 figure",
        "content_type": 60,
        "codename": "change_bootstrap4figure"
    }
},
{
    "model": "auth.permission",
    "pk": 179,
    "fields": {
        "name": "Can delete bootstrap4 figure",
        "content_type": 60,
        "codename": "delete_bootstrap4figure"
    }
},
{
    "model": "auth.permission",
    "pk": 180,
    "fields": {
        "name": "Can add bootstrap4 grid column",
        "content_type": 61,
        "codename": "add_bootstrap4gridcolumn"
    }
},
{
    "model": "auth.permission",
    "pk": 181,
    "fields": {
        "name": "Can change bootstrap4 grid column",
        "content_type": 61,
        "codename": "change_bootstrap4gridcolumn"
    }
},
{
    "model": "auth.permission",
    "pk": 182,
    "fields": {
        "name": "Can delete bootstrap4 grid column",
        "content_type": 61,
        "codename": "delete_bootstrap4gridcolumn"
    }
},
{
    "model": "auth.permission",
    "pk": 183,
    "fields": {
        "name": "Can add bootstrap4 grid container",
        "content_type": 62,
        "codename": "add_bootstrap4gridcontainer"
    }
},
{
    "model": "auth.permission",
    "pk": 184,
    "fields": {
        "name": "Can change bootstrap4 grid container",
        "content_type": 62,
        "codename": "change_bootstrap4gridcontainer"
    }
},
{
    "model": "auth.permission",
    "pk": 185,
    "fields": {
        "name": "Can delete bootstrap4 grid container",
        "content_type": 62,
        "codename": "delete_bootstrap4gridcontainer"
    }
},
{
    "model": "auth.permission",
    "pk": 186,
    "fields": {
        "name": "Can add bootstrap4 grid row",
        "content_type": 63,
        "codename": "add_bootstrap4gridrow"
    }
},
{
    "model": "auth.permission",
    "pk": 187,
    "fields": {
        "name": "Can change bootstrap4 grid row",
        "content_type": 63,
        "codename": "change_bootstrap4gridrow"
    }
},
{
    "model": "auth.permission",
    "pk": 188,
    "fields": {
        "name": "Can delete bootstrap4 grid row",
        "content_type": 63,
        "codename": "delete_bootstrap4gridrow"
    }
},
{
    "model": "auth.permission",
    "pk": 189,
    "fields": {
        "name": "Can add bootstrap4 jumbotron",
        "content_type": 64,
        "codename": "add_bootstrap4jumbotron"
    }
},
{
    "model": "auth.permission",
    "pk": 190,
    "fields": {
        "name": "Can change bootstrap4 jumbotron",
        "content_type": 64,
        "codename": "change_bootstrap4jumbotron"
    }
},
{
    "model": "auth.permission",
    "pk": 191,
    "fields": {
        "name": "Can delete bootstrap4 jumbotron",
        "content_type": 64,
        "codename": "delete_bootstrap4jumbotron"
    }
},
{
    "model": "auth.permission",
    "pk": 192,
    "fields": {
        "name": "Can add bootstrap4 link",
        "content_type": 65,
        "codename": "add_bootstrap4link"
    }
},
{
    "model": "auth.permission",
    "pk": 193,
    "fields": {
        "name": "Can change bootstrap4 link",
        "content_type": 65,
        "codename": "change_bootstrap4link"
    }
},
{
    "model": "auth.permission",
    "pk": 194,
    "fields": {
        "name": "Can delete bootstrap4 link",
        "content_type": 65,
        "codename": "delete_bootstrap4link"
    }
},
{
    "model": "auth.permission",
    "pk": 195,
    "fields": {
        "name": "Can add bootstrap4 list group",
        "content_type": 66,
        "codename": "add_bootstrap4listgroup"
    }
},
{
    "model": "auth.permission",
    "pk": 196,
    "fields": {
        "name": "Can change bootstrap4 list group",
        "content_type": 66,
        "codename": "change_bootstrap4listgroup"
    }
},
{
    "model": "auth.permission",
    "pk": 197,
    "fields": {
        "name": "Can delete bootstrap4 list group",
        "content_type": 66,
        "codename": "delete_bootstrap4listgroup"
    }
},
{
    "model": "auth.permission",
    "pk": 198,
    "fields": {
        "name": "Can add bootstrap4 list group item",
        "content_type": 67,
        "codename": "add_bootstrap4listgroupitem"
    }
},
{
    "model": "auth.permission",
    "pk": 199,
    "fields": {
        "name": "Can change bootstrap4 list group item",
        "content_type": 67,
        "codename": "change_bootstrap4listgroupitem"
    }
},
{
    "model": "auth.permission",
    "pk": 200,
    "fields": {
        "name": "Can delete bootstrap4 list group item",
        "content_type": 67,
        "codename": "delete_bootstrap4listgroupitem"
    }
},
{
    "model": "auth.permission",
    "pk": 201,
    "fields": {
        "name": "Can add bootstrap4 media",
        "content_type": 68,
        "codename": "add_bootstrap4media"
    }
},
{
    "model": "auth.permission",
    "pk": 202,
    "fields": {
        "name": "Can change bootstrap4 media",
        "content_type": 68,
        "codename": "change_bootstrap4media"
    }
},
{
    "model": "auth.permission",
    "pk": 203,
    "fields": {
        "name": "Can delete bootstrap4 media",
        "content_type": 68,
        "codename": "delete_bootstrap4media"
    }
},
{
    "model": "auth.permission",
    "pk": 204,
    "fields": {
        "name": "Can add bootstrap4 media body",
        "content_type": 69,
        "codename": "add_bootstrap4mediabody"
    }
},
{
    "model": "auth.permission",
    "pk": 205,
    "fields": {
        "name": "Can change bootstrap4 media body",
        "content_type": 69,
        "codename": "change_bootstrap4mediabody"
    }
},
{
    "model": "auth.permission",
    "pk": 206,
    "fields": {
        "name": "Can delete bootstrap4 media body",
        "content_type": 69,
        "codename": "delete_bootstrap4mediabody"
    }
},
{
    "model": "auth.permission",
    "pk": 207,
    "fields": {
        "name": "Can add bootstrap4 picture",
        "content_type": 70,
        "codename": "add_bootstrap4picture"
    }
},
{
    "model": "auth.permission",
    "pk": 208,
    "fields": {
        "name": "Can change bootstrap4 picture",
        "content_type": 70,
        "codename": "change_bootstrap4picture"
    }
},
{
    "model": "auth.permission",
    "pk": 209,
    "fields": {
        "name": "Can delete bootstrap4 picture",
        "content_type": 70,
        "codename": "delete_bootstrap4picture"
    }
},
{
    "model": "auth.permission",
    "pk": 210,
    "fields": {
        "name": "Can add bootstrap4 tab",
        "content_type": 71,
        "codename": "add_bootstrap4tab"
    }
},
{
    "model": "auth.permission",
    "pk": 211,
    "fields": {
        "name": "Can change bootstrap4 tab",
        "content_type": 71,
        "codename": "change_bootstrap4tab"
    }
},
{
    "model": "auth.permission",
    "pk": 212,
    "fields": {
        "name": "Can delete bootstrap4 tab",
        "content_type": 71,
        "codename": "delete_bootstrap4tab"
    }
},
{
    "model": "auth.permission",
    "pk": 213,
    "fields": {
        "name": "Can add bootstrap4 tab item",
        "content_type": 72,
        "codename": "add_bootstrap4tabitem"
    }
},
{
    "model": "auth.permission",
    "pk": 214,
    "fields": {
        "name": "Can change bootstrap4 tab item",
        "content_type": 72,
        "codename": "change_bootstrap4tabitem"
    }
},
{
    "model": "auth.permission",
    "pk": 215,
    "fields": {
        "name": "Can delete bootstrap4 tab item",
        "content_type": 72,
        "codename": "delete_bootstrap4tabitem"
    }
},
{
    "model": "auth.permission",
    "pk": 216,
    "fields": {
        "name": "Can add bootstrap4 spacing",
        "content_type": 73,
        "codename": "add_bootstrap4spacing"
    }
},
{
    "model": "auth.permission",
    "pk": 217,
    "fields": {
        "name": "Can change bootstrap4 spacing",
        "content_type": 73,
        "codename": "change_bootstrap4spacing"
    }
},
{
    "model": "auth.permission",
    "pk": 218,
    "fields": {
        "name": "Can delete bootstrap4 spacing",
        "content_type": 73,
        "codename": "delete_bootstrap4spacing"
    }
},
{
    "model": "auth.permission",
    "pk": 219,
    "fields": {
        "name": "Can add poll plugin model",
        "content_type": 74,
        "codename": "add_pollpluginmodel"
    }
},
{
    "model": "auth.permission",
    "pk": 220,
    "fields": {
        "name": "Can change poll plugin model",
        "content_type": 74,
        "codename": "change_pollpluginmodel"
    }
},
{
    "model": "auth.permission",
    "pk": 221,
    "fields": {
        "name": "Can delete poll plugin model",
        "content_type": 74,
        "codename": "delete_pollpluginmodel"
    }
},
{
    "model": "auth.permission",
    "pk": 222,
    "fields": {
        "name": "Can add choice",
        "content_type": 75,
        "codename": "add_choice"
    }
},
{
    "model": "auth.permission",
    "pk": 223,
    "fields": {
        "name": "Can change choice",
        "content_type": 75,
        "codename": "change_choice"
    }
},
{
    "model": "auth.permission",
    "pk": 224,
    "fields": {
        "name": "Can delete choice",
        "content_type": 75,
        "codename": "delete_choice"
    }
},
{
    "model": "auth.permission",
    "pk": 225,
    "fields": {
        "name": "Can add poll",
        "content_type": 76,
        "codename": "add_poll"
    }
},
{
    "model": "auth.permission",
    "pk": 226,
    "fields": {
        "name": "Can change poll",
        "content_type": 76,
        "codename": "change_poll"
    }
},
{
    "model": "auth.permission",
    "pk": 227,
    "fields": {
        "name": "Can delete poll",
        "content_type": 76,
        "codename": "delete_poll"
    }
},
{
    "model": "auth.user",
    "pk": 1,
    "fields": {
        "password": "pbkdf2_sha256$36000$aOJqAjuZ6gv1$zwBCs6l3AP1OJjOi7qiEC4GMzt5yriLsLFm0PdbJ4GY=",
        "last_login": "2018-07-03T11:06:54.676Z",
        "is_superuser": true,
        "username": "admin",
        "first_name": "",
        "last_name": "",
        "email": "",
        "is_staff": true,
        "is_active": true,
        "date_joined": "2018-07-03T11:06:39.419Z",
        "groups": [],
        "user_permissions": []
    }
},
{
    "model": "admin.logentry",
    "pk": 1,
    "fields": {
        "action_time": "2018-07-03T11:07:36.952Z",
        "user": 1,
        "content_type": 2,
        "object_id": "3",
        "object_repr": "Our methods",
        "action_flag": 1,
        "change_message": "[{\"added\": {}}]"
    }
},
{
    "model": "admin.logentry",
    "pk": 2,
    "fields": {
        "action_time": "2018-07-03T11:07:52.975Z",
        "user": 1,
        "content_type": 2,
        "object_id": "4",
        "object_repr": "All our opinion polls",
        "action_flag": 1,
        "change_message": "[{\"added\": {}}]"
    }
},
{
    "model": "admin.logentry",
    "pk": 3,
    "fields": {
        "action_time": "2018-07-03T11:28:16.064Z",
        "user": 1,
        "content_type": 2,
        "object_id": "4",
        "object_repr": "All our opinion polls",
        "action_flag": 2,
        "change_message": "[{\"changed\": {\"fields\": [\"application_urls\", \"application_namespace\", \"xframe_options\"]}}]"
    }
},
{
    "model": "admin.logentry",
    "pk": 4,
    "fields": {
        "action_time": "2018-07-03T11:28:22.803Z",
        "user": 1,
        "content_type": 2,
        "object_id": "4",
        "object_repr": "All our opinion polls",
        "action_flag": 2,
        "change_message": ""
    }
},
{
    "model": "admin.logentry",
    "pk": 5,
    "fields": {
        "action_time": "2018-07-03T11:28:57.672Z",
        "user": 1,
        "content_type": 76,
        "object_id": "1",
        "object_repr": "Your favourite browser",
        "action_flag": 1,
        "change_message": "[{\"added\": {}}, {\"added\": {\"name\": \"choice\", \"object\": \"Mosaic\"}}, {\"added\": {\"name\": \"choice\", \"object\": \"Netscape Navigator\"}}, {\"added\": {\"name\": \"choice\", \"object\": \"Lynx\"}}]"
    }
},
{
    "model": "admin.logentry",
    "pk": 6,
    "fields": {
        "action_time": "2018-07-03T11:30:16.004Z",
        "user": 1,
        "content_type": 76,
        "object_id": "1",
        "object_repr": "Your favourite browser",
        "action_flag": 2,
        "change_message": "[{\"changed\": {\"name\": \"choice\", \"object\": \"Mosaic\", \"fields\": [\"votes\"]}}, {\"changed\": {\"name\": \"choice\", \"object\": \"Netscape Navigator\", \"fields\": [\"votes\"]}}, {\"changed\": {\"name\": \"choice\", \"object\": \"Lynx\", \"fields\": [\"votes\"]}}]"
    }
},
{
    "model": "admin.logentry",
    "pk": 7,
    "fields": {
        "action_time": "2018-07-03T11:30:44.640Z",
        "user": 1,
        "content_type": 76,
        "object_id": "2",
        "object_repr": "Your place or mine?",
        "action_flag": 1,
        "change_message": "[{\"added\": {}}, {\"added\": {\"name\": \"choice\", \"object\": \"Yours\"}}, {\"added\": {\"name\": \"choice\", \"object\": \"Mine\"}}]"
    }
},
{
    "model": "admin.logentry",
    "pk": 8,
    "fields": {
        "action_time": "2018-07-03T11:31:21.215Z",
        "user": 1,
        "content_type": 76,
        "object_id": "3",
        "object_repr": "Country or western",
        "action_flag": 1,
        "change_message": "[{\"added\": {}}, {\"added\": {\"name\": \"choice\", \"object\": \"Country\"}}, {\"added\": {\"name\": \"choice\", \"object\": \"Western\"}}, {\"added\": {\"name\": \"choice\", \"object\": \"Both\"}}]"
    }
},
{
    "model": "admin.logentry",
    "pk": 9,
    "fields": {
        "action_time": "2018-07-03T11:32:50.069Z",
        "user": 1,
        "content_type": 76,
        "object_id": "4",
        "object_repr": "Teen heartthrob",
        "action_flag": 1,
        "change_message": "[{\"added\": {}}, {\"added\": {\"name\": \"choice\", \"object\": \"Ralf\"}}]"
    }
},
{
    "model": "admin.logentry",
    "pk": 10,
    "fields": {
        "action_time": "2018-07-03T11:33:42.449Z",
        "user": 1,
        "content_type": 76,
        "object_id": "4",
        "object_repr": "Teen heartthrob",
        "action_flag": 2,
        "change_message": "[{\"added\": {\"name\": \"choice\", \"object\": \"Florian\"}}, {\"added\": {\"name\": \"choice\", \"object\": \"Wolfgang\"}}, {\"added\": {\"name\": \"choice\", \"object\": \"Karl\"}}, {\"changed\": {\"name\": \"choice\", \"object\": \"Ralf\", \"fields\": [\"votes\"]}}]"
    }
},
{
    "model": "admin.logentry",
    "pk": 11,
    "fields": {
        "action_time": "2018-07-03T11:34:52.105Z",
        "user": 1,
        "content_type": 76,
        "object_id": "5",
        "object_repr": "Choose a topic",
        "action_flag": 1,
        "change_message": "[{\"added\": {}}, {\"added\": {\"name\": \"choice\", \"object\": \"Sports\"}}, {\"added\": {\"name\": \"choice\", \"object\": \"Music\"}}, {\"added\": {\"name\": \"choice\", \"object\": \"Dance\"}}, {\"added\": {\"name\": \"choice\", \"object\": \"Theatre\"}}, {\"added\": {\"name\": \"choice\", \"object\": \"Visual art\"}}]"
    }
},
{
    "model": "admin.logentry",
    "pk": 12,
    "fields": {
        "action_time": "2018-07-03T11:34:55.130Z",
        "user": 1,
        "content_type": 76,
        "object_id": "5",
        "object_repr": "Choose a topic",
        "action_flag": 2,
        "change_message": "[{\"deleted\": {\"name\": \"choice\", \"object\": \"Sports\"}}]"
    }
},
{
    "model": "admin.logentry",
    "pk": 13,
    "fields": {
        "action_time": "2018-07-03T12:22:37.842Z",
        "user": 1,
        "content_type": 76,
        "object_id": "4",
        "object_repr": "Your teen heartthrob",
        "action_flag": 2,
        "change_message": "[{\"changed\": {\"fields\": [\"question\"]}}]"
    }
},
{
    "model": "admin.logentry",
    "pk": 14,
    "fields": {
        "action_time": "2018-07-03T12:22:58.192Z",
        "user": 1,
        "content_type": 2,
        "object_id": "1",
        "object_repr": "The Opinions Company",
        "action_flag": 2,
        "change_message": ""
    }
},
{
    "model": "admin.logentry",
    "pk": 15,
    "fields": {
        "action_time": "2018-07-03T12:24:13.171Z",
        "user": 1,
        "content_type": 24,
        "object_id": "32",
        "object_repr": "They're totally great,...",
        "action_flag": 3,
        "change_message": ""
    }
},
{
    "model": "admin.logentry",
    "pk": 16,
    "fields": {
        "action_time": "2018-07-03T12:24:45.314Z",
        "user": 1,
        "content_type": 24,
        "object_id": "44",
        "object_repr": "They're totally great,...",
        "action_flag": 3,
        "change_message": ""
    }
},
{
    "model": "admin.logentry",
    "pk": 17,
    "fields": {
        "action_time": "2018-07-03T12:25:54.675Z",
        "user": 1,
        "content_type": 76,
        "object_id": "5",
        "object_repr": "We need more...",
        "action_flag": 2,
        "change_message": "[{\"changed\": {\"fields\": [\"question\"]}}]"
    }
},
{
    "model": "admin.logentry",
    "pk": 18,
    "fields": {
        "action_time": "2018-07-03T12:26:07.966Z",
        "user": 1,
        "content_type": 76,
        "object_id": "6",
        "object_repr": "Choose a topic",
        "action_flag": 1,
        "change_message": "[{\"added\": {}}, {\"added\": {\"name\": \"choice\", \"object\": \"POlitics\"}}]"
    }
},
{
    "model": "admin.logentry",
    "pk": 19,
    "fields": {
        "action_time": "2018-07-03T12:26:28.808Z",
        "user": 1,
        "content_type": 76,
        "object_id": "6",
        "object_repr": "Choose a topic",
        "action_flag": 2,
        "change_message": "[{\"added\": {\"name\": \"choice\", \"object\": \"Technology\"}}, {\"added\": {\"name\": \"choice\", \"object\": \"Culture\"}}, {\"added\": {\"name\": \"choice\", \"object\": \"Science\"}}, {\"changed\": {\"name\": \"choice\", \"object\": \"Politics\", \"fields\": [\"choice_text\"]}}]"
    }
},
{
    "model": "admin.logentry",
    "pk": 20,
    "fields": {
        "action_time": "2018-07-03T12:26:46.109Z",
        "user": 1,
        "content_type": 24,
        "object_id": "50",
        "object_repr": "They're totally great,...",
        "action_flag": 3,
        "change_message": ""
    }
},
{
    "model": "admin.logentry",
    "pk": 21,
    "fields": {
        "action_time": "2018-07-03T12:31:51.401Z",
        "user": 1,
        "content_type": 30,
        "object_id": "4",
        "object_repr": "South poll ice cap",
        "action_flag": 2,
        "change_message": "[{\"changed\": {\"fields\": [\"name\", \"subject_location\"]}}]"
    }
},
{
    "model": "admin.logentry",
    "pk": 22,
    "fields": {
        "action_time": "2018-07-03T12:32:02.893Z",
        "user": 1,
        "content_type": 30,
        "object_id": "2",
        "object_repr": "North pole (Mercator map)",
        "action_flag": 2,
        "change_message": "[{\"changed\": {\"fields\": [\"name\", \"subject_location\"]}}]"
    }
},
{
    "model": "admin.logentry",
    "pk": 23,
    "fields": {
        "action_time": "2018-07-03T12:32:14.190Z",
        "user": 1,
        "content_type": 30,
        "object_id": "3",
        "object_repr": "South pole",
        "action_flag": 2,
        "change_message": "[{\"changed\": {\"fields\": [\"name\", \"subject_location\"]}}]"
    }
},
{
    "model": "admin.logentry",
    "pk": 24,
    "fields": {
        "action_time": "2018-07-03T12:32:28.285Z",
        "user": 1,
        "content_type": 30,
        "object_id": "1",
        "object_repr": "North pole",
        "action_flag": 2,
        "change_message": "[{\"changed\": {\"fields\": [\"name\", \"subject_location\"]}}]"
    }
},
{
    "model": "admin.logentry",
    "pk": 25,
    "fields": {
        "action_time": "2018-07-03T12:40:35.440Z",
        "user": 1,
        "content_type": 2,
        "object_id": "3",
        "object_repr": "Our methods",
        "action_flag": 2,
        "change_message": ""
    }
},
{
    "model": "admin.logentry",
    "pk": 26,
    "fields": {
        "action_time": "2018-07-03T12:41:03.419Z",
        "user": 1,
        "content_type": 2,
        "object_id": "1",
        "object_repr": "The Opinions Company",
        "action_flag": 2,
        "change_message": ""
    }
},
{
    "model": "cms.usersettings",
    "pk": 1,
    "fields": {
        "user": 1,
        "language": "en",
        "clipboard": 1
    }
},
{
    "model": "filer.folder",
    "pk": 1,
    "fields": {
        "parent": null,
        "name": "Poles",
        "owner": 1,
        "uploaded_at": "2018-07-03T12:31:13.143Z",
        "created_at": "2018-07-03T12:31:13.143Z",
        "modified_at": "2018-07-03T12:31:13.143Z",
        "lft": 1,
        "rght": 2,
        "tree_id": 1,
        "level": 0
    }
},
{
    "model": "filer.file",
    "pk": 1,
    "fields": {
        "polymorphic_ctype": 30,
        "folder": 1,
        "file": "filer_public/b8/fe/b8feffdf-e63f-4160-a90b-5a1cc9b758ae/arctic_ocean.png",
        "_file_size": 14541,
        "sha1": "23265d7ffe9918363fee7c9fc08a76046d7a6e40",
        "has_all_mandatory_data": true,
        "original_filename": "Arctic_Ocean.png",
        "name": "North pole",
        "description": "",
        "owner": 1,
        "uploaded_at": "2018-07-03T12:31:17.585Z",
        "modified_at": "2018-07-03T12:32:28.283Z",
        "is_public": true
    }
},
{
    "model": "filer.file",
    "pk": 2,
    "fields": {
        "polymorphic_ctype": 30,
        "folder": 1,
        "file": "filer_public/46/26/4626b447-95a0-44a8-abd2-fc833435b441/mercator_north_pole_1595.jpg",
        "_file_size": 166017,
        "sha1": "558c49132aec4a819a842a80b8a65b0be4cffb6a",
        "has_all_mandatory_data": true,
        "original_filename": "Mercator_north_pole_1595.jpg",
        "name": "North pole (Mercator map)",
        "description": "",
        "owner": 1,
        "uploaded_at": "2018-07-03T12:31:24.927Z",
        "modified_at": "2018-07-03T12:32:02.891Z",
        "is_public": true
    }
},
{
    "model": "filer.file",
    "pk": 3,
    "fields": {
        "polymorphic_ctype": 30,
        "folder": 1,
        "file": "filer_public/83/67/8367547b-d331-4e88-93e8-df80bf03eecc/pole-south.gif",
        "_file_size": 11423,
        "sha1": "5bc60664b22b886c66923782f507885c660603c2",
        "has_all_mandatory_data": true,
        "original_filename": "Pole-south.gif",
        "name": "South pole",
        "description": "",
        "owner": 1,
        "uploaded_at": "2018-07-03T12:31:27.241Z",
        "modified_at": "2018-07-03T12:32:14.188Z",
        "is_public": true
    }
},
{
    "model": "filer.file",
    "pk": 4,
    "fields": {
        "polymorphic_ctype": 30,
        "folder": 1,
        "file": "filer_public/cc/d1/ccd1570b-1adb-4240-b4f5-fba7626613bc/660px-antarctica_6400px_from_blue_marble.jpg",
        "_file_size": 61398,
        "sha1": "48b66efc79e8515437239da160b0138f9994bd2c",
        "has_all_mandatory_data": true,
        "original_filename": "660px-Antarctica_6400px_from_Blue_Marble.jpg",
        "name": "South poll ice cap",
        "description": "",
        "owner": 1,
        "uploaded_at": "2018-07-03T12:31:33.820Z",
        "modified_at": "2018-07-03T12:31:51.399Z",
        "is_public": true
    }
},
{
    "model": "filer.clipboard",
    "pk": 1,
    "fields": {
        "user": 1
    }
},
{
    "model": "filer.image",
    "pk": 1,
    "fields": {
        "_height": 330,
        "_width": 329,
        "default_alt_text": null,
        "default_caption": null,
        "subject_location": "165,165",
        "date_taken": "2018-07-03T12:31:17.583Z",
        "author": null,
        "must_always_publish_author_credit": false,
        "must_always_publish_copyright": false
    }
},
{
    "model": "filer.image",
    "pk": 2,
    "fields": {
        "_height": 567,
        "_width": 600,
        "default_alt_text": null,
        "default_caption": null,
        "subject_location": "0,0",
        "date_taken": "2018-07-03T12:31:24.924Z",
        "author": null,
        "must_always_publish_author_credit": false,
        "must_always_publish_copyright": false
    }
},
{
    "model": "filer.image",
    "pk": 3,
    "fields": {
        "_height": 330,
        "_width": 330,
        "default_alt_text": null,
        "default_caption": null,
        "subject_location": "165,165",
        "date_taken": "2018-07-03T12:31:27.238Z",
        "author": null,
        "must_always_publish_author_credit": false,
        "must_always_publish_copyright": false
    }
},
{
    "model": "filer.image",
    "pk": 4,
    "fields": {
        "_height": 660,
        "_width": 660,
        "default_alt_text": null,
        "default_caption": null,
        "subject_location": "330,330",
        "date_taken": "2018-07-03T12:31:33.818Z",
        "author": null,
        "must_always_publish_author_credit": false,
        "must_always_publish_copyright": false
    }
}
]
